sourceOccurrenceId	sourceTaxonId	sourceTaxonName	sourceBodyPartId	sourceBodyPartName	sourceLifeStageId	sourceLifeStageName	sourcePhysiologicalStateId	sourcePhysiologicalStateName	interactionTypeId	interactionTypeName	targetOccurrenceId	targetTaxonId	targetTaxonName	targetBodyPartId	targetBodyPartName	targetLifeStageId	targetLifeStageName	targetPhysiologicalStateId	targetPhysiologicalStateName	habitatId	habitatName	localityId	localityName	decimalLatitude	decimalLongitude	depth	altitude	observationDateTime	referenceDoi	referenceUrl	referenceCitation	sourceTaxonKingdomName	targetTaxonKingdomName
	NCBI:txid9925	Capra hircus							http://purl.obolibrary.org/obo/RO_0002437	interacts with		NCBI:txid8517	Iguana iguana									ISO 3166-2:BQ	Saba					2016	10.1101/2022.05.19.492665	https://www.biorxiv.org/content/10.1101/2022.05.19.492665v1.full.pdf	van den Burg, M. P., Madden, H., & Debrot, A. O. (2022). Population estimate, natural history and conservation of the melanistic Iguana iguana population on Saba, Caribbean Netherlands. bioRxiv.	Animalia	Animalia
	NCBI:txid8517	Iguana iguana							http://purl.obolibrary.org/obo/RO_0002470	eats		NCBI:txid190524	Laguncularia racemosa									ISO 3166-2:PR	Puerto rico						10.1007/s10530-011-0057-0	https://link.springer.com/article/10.1007/s10530-011-0057-0	López-Torres, A. L., Claudio-Hernández, H. J., Rodriguez-Gomez, C. A., Longo, A. V., & Joglar, R. L. (2012). Green Iguanas (Iguana iguana) in Puerto Rico: is it time for management?. Biological invasions, 14(1), 35-45.	Animalia	Plantae
	NCBI:txid9697	Herpestidae							http://purl.obolibrary.org/obo/RO_0002439	preys on		NCBI:txid8517	Iguana iguana			http://purl.obolibrary.org/obo/UBERON_0000068	egg					ISO 3166-2:PR	Puerto rico						10.1007/s10530-011-0057-0	https://link.springer.com/article/10.1007/s10530-011-0057-0	López-Torres, A. L., Claudio-Hernández, H. J., Rodriguez-Gomez, C. A., Longo, A. V., & Joglar, R. L. (2012). Green Iguanas (Iguana iguana) in Puerto Rico: is it time for management?. Biological invasions, 14(1), 35-45.	Animalia	Animalia
	NCBI:txid9615	Canis familiaris							http://purl.obolibrary.org/obo/RO_0002439	preys on		NCBI:txid8517	Iguana iguana			http://purl.obolibrary.org/obo/UBERON_0000068	egg					ISO 3166-2:PR	Puerto rico						10.1007/s10530-011-0057-0	https://link.springer.com/article/10.1007/s10530-011-0057-0	López-Torres, A. L., Claudio-Hernández, H. J., Rodriguez-Gomez, C. A., Longo, A. V., & Joglar, R. L. (2012). Green Iguanas (Iguana iguana) in Puerto Rico: is it time for management?. Biological invasions, 14(1), 35-45.	Animalia	Animalia
	NCBI:txid9685	Felis catus							http://purl.obolibrary.org/obo/RO_0002439	preys on		NCBI:txid8517	Iguana iguana			http://purl.obolibrary.org/obo/UBERON_0000068	egg					ISO 3166-2:PR	Puerto rico						10.1007/s10530-011-0057-0	https://link.springer.com/article/10.1007/s10530-011-0057-0	López-Torres, A. L., Claudio-Hernández, H. J., Rodriguez-Gomez, C. A., Longo, A. V., & Joglar, R. L. (2012). Green Iguanas (Iguana iguana) in Puerto Rico: is it time for management?. Biological invasions, 14(1), 35-45.	Animalia	Animalia
	NCBI:txid9697	Herpestidae							http://purl.obolibrary.org/obo/RO_0002439	preys on		NCBI:txid8517	Iguana iguana			http://purl.obolibrary.org/obo/UBERON_0007023	adult					ISO 3166-2:PR	Puerto rico						10.1007/s10530-011-0057-0	https://link.springer.com/article/10.1007/s10530-011-0057-0	López-Torres, A. L., Claudio-Hernández, H. J., Rodriguez-Gomez, C. A., Longo, A. V., & Joglar, R. L. (2012). Green Iguanas (Iguana iguana) in Puerto Rico: is it time for management?. Biological invasions, 14(1), 35-45.	Animalia	Animalia
	NCBI:txid9615	Canis familiaris							http://purl.obolibrary.org/obo/RO_0002439	preys on		NCBI:txid8517	Iguana iguana			http://purl.obolibrary.org/obo/UBERON_0007023	adult					ISO 3166-2:PR	Puerto rico						10.1007/s10530-011-0057-0	https://link.springer.com/article/10.1007/s10530-011-0057-0	López-Torres, A. L., Claudio-Hernández, H. J., Rodriguez-Gomez, C. A., Longo, A. V., & Joglar, R. L. (2012). Green Iguanas (Iguana iguana) in Puerto Rico: is it time for management?. Biological invasions, 14(1), 35-45.	Animalia	Animalia
	NCBI:txid9685	Felis catus							http://purl.obolibrary.org/obo/RO_0002439	preys on		NCBI:txid8517	Iguana iguana			http://purl.obolibrary.org/obo/UBERON_0007023	adult					ISO 3166-2:PR	Puerto rico						10.1007/s10530-011-0057-0	https://link.springer.com/article/10.1007/s10530-011-0057-0	López-Torres, A. L., Claudio-Hernández, H. J., Rodriguez-Gomez, C. A., Longo, A. V., & Joglar, R. L. (2012). Green Iguanas (Iguana iguana) in Puerto Rico: is it time for management?. Biological invasions, 14(1), 35-45.	Animalia	Animalia
	NCBI:txid8517	Iguana iguana							http://purl.obolibrary.org/obo/RO_0002437	interacts with		NCBI:txid27794	Dermochelys coriacea									ISO 3166-2:PR	Puerto rico						10.1007/s10530-011-0057-0	https://link.springer.com/article/10.1007/s10530-011-0057-0	López-Torres, A. L., Claudio-Hernández, H. J., Rodriguez-Gomez, C. A., Longo, A. V., & Joglar, R. L. (2012). Green Iguanas (Iguana iguana) in Puerto Rico: is it time for management?. Biological invasions, 14(1), 35-45.	Animalia	Animalia
	NCBI:txid8517	Iguana iguana							http://purl.obolibrary.org/obo/RO_0002437	interacts with		NCBI:txid27794	Dermochelys coriacea									ISO 3166-2:PR	Puerto rico						10.1007/s10530-011-0057-0	https://link.springer.com/article/10.1007/s10530-011-0057-0	López-Torres, A. L., Claudio-Hernández, H. J., Rodriguez-Gomez, C. A., Longo, A. V., & Joglar, R. L. (2012). Green Iguanas (Iguana iguana) in Puerto Rico: is it time for management?. Biological invasions, 14(1), 35-45.	Animalia	Animalia
	NCBI:txid8517	Iguana iguana							http://purl.obolibrary.org/obo/RO_0002470	eats		NCBI:txid9123	Gallinula chloropus			http://purl.obolibrary.org/obo/UBERON_0000068	egg					ISO 3166-2:PR	Puerto rico						10.1007/s10530-011-0057-0	https://link.springer.com/article/10.1007/s10530-011-0057-0	López-Torres, A. L., Claudio-Hernández, H. J., Rodriguez-Gomez, C. A., Longo, A. V., & Joglar, R. L. (2012). Green Iguanas (Iguana iguana) in Puerto Rico: is it time for management?. Biological invasions, 14(1), 35-45.	Animalia	Animalia
	NCBI:txid8517	Iguana iguana							http://purl.obolibrary.org/obo/RO_0002470	eats		NCBI:txid4672	Dioscorea									ISO 3166-2:PR	Puerto rico						10.1007/s10530-011-0057-0	https://link.springer.com/article/10.1007/s10530-011-0057-0	López-Torres, A. L., Claudio-Hernández, H. J., Rodriguez-Gomez, C. A., Longo, A. V., & Joglar, R. L. (2012). Green Iguanas (Iguana iguana) in Puerto Rico: is it time for management?. Biological invasions, 14(1), 35-45.	Animalia	Plantae
	NCBI:txid8517	Iguana iguana							http://purl.obolibrary.org/obo/RO_0002470	eats		NCBI:txid15105	Xanthosoma									ISO 3166-2:PR	Puerto rico						10.1007/s10530-011-0057-0	https://link.springer.com/article/10.1007/s10530-011-0057-0	López-Torres, A. L., Claudio-Hernández, H. J., Rodriguez-Gomez, C. A., Longo, A. V., & Joglar, R. L. (2012). Green Iguanas (Iguana iguana) in Puerto Rico: is it time for management?. Biological invasions, 14(1), 35-45.	Animalia	Plantae
	NCBI:txid8517	Iguana iguana							http://purl.obolibrary.org/obo/RO_0002470	eats		NCBI:txid3660	Cucurbita									ISO 3166-2:PR	Puerto rico						10.1007/s10530-011-0057-0	https://link.springer.com/article/10.1007/s10530-011-0057-0	López-Torres, A. L., Claudio-Hernández, H. J., Rodriguez-Gomez, C. A., Longo, A. V., & Joglar, R. L. (2012). Green Iguanas (Iguana iguana) in Puerto Rico: is it time for management?. Biological invasions, 14(1), 35-45.	Animalia	Plantae
	NCBI:txid8517	Iguana iguana							http://purl.obolibrary.org/obo/RO_0002470	eats		NCBI:txid3655	Cucumis									ISO 3166-2:PR	Puerto rico						10.1007/s10530-011-0057-0	https://link.springer.com/article/10.1007/s10530-011-0057-0	López-Torres, A. L., Claudio-Hernández, H. J., Rodriguez-Gomez, C. A., Longo, A. V., & Joglar, R. L. (2012). Green Iguanas (Iguana iguana) in Puerto Rico: is it time for management?. Biological invasions, 14(1), 35-45.	Animalia	Plantae
	NCBI:txid8517	Iguana iguana							http://purl.obolibrary.org/obo/RO_0002470	eats		NCBI:txid110668	Bubulcus ibis									ISO 3166-2:MS	Montserat					1986	10.1007/s10530-012-0196-y	https://link.springer.com/article/10.1007/s10530-012-0196-y	Arce-Nazario, J. A., & Carlo, T. A. (2012). Iguana iguana invasion in Puerto Rico: facing the evidence. Biological Invasions, 14(9), 1981-1984.	Animalia	Animalia
	NCBI:txid8517	Iguana iguana							http://purl.obolibrary.org/obo/RO_0002470	eats		NCBI:txid9265	Didelphidae					SIO:010059	dead									1965	10.1007/s10530-012-0196-y	https://link.springer.com/article/10.1007/s10530-012-0196-y	Arce-Nazario, J. A., & Carlo, T. A. (2012). Iguana iguana invasion in Puerto Rico: facing the evidence. Biological Invasions, 14(9), 1981-1984.	Animalia	Animalia
	NCBI:txid33614	Coragyps atratus							http://purl.obolibrary.org/obo/RO_0002439	preys on		NCBI:txid8517	Iguana iguana			http://purl.obolibrary.org/obo/UBERON_0000068	egg					ISO 3166-2:PA	Panama						10.2307/1442024	https://www.jstor.org/stable/1442024	Rand, A. S. (1968). A nesting aggregation of iguanas. Copeia, 552-561.	Animalia	Animalia
	NCBI:txid43455	Cathartes aura							http://purl.obolibrary.org/obo/RO_0002439	preys on		NCBI:txid8517	Iguana iguana			http://purl.obolibrary.org/obo/UBERON_0000068	egg					ISO 3166-2:PA	Panama						10.2307/1442024	https://www.jstor.org/stable/1442024	Rand, A. S. (1968). A nesting aggregation of iguanas. Copeia, 552-561.	Animalia	Animalia
	NCBI:txid8517	Iguana iguana							http://purl.obolibrary.org/obo/RO_0002437	interacts with		NCBI:txid48399	Crocodylus acutus			http://purl.obolibrary.org/obo/UBERON_0000068	egg					ISO 3166-2:PA	Panama						10.2307/1442024	https://www.jstor.org/stable/1442024	Rand, A. S. (1968). A nesting aggregation of iguanas. Copeia, 552-561.	Animalia	Animalia
	NCBI:txid161134	Basiliscus basiliscus							http://purl.obolibrary.org/obo/RO_0002439	preys on		NCBI:txid8517	Iguana iguana																	https://www.amazon.com/Iguanas-World-Behavior-Conservation-Management/dp/0815509170	Burghardt, G. M., & Rand, A. S. (1982). Iguanas of the world: their behavior, ecology, and conservation. Noyes Publications.	Animalia	Animalia
	NCBI:txid51212	Ctenosaura similis							http://purl.obolibrary.org/obo/RO_0002439	preys on		NCBI:txid8517	Iguana iguana																	https://www.amazon.com/Iguanas-World-Behavior-Conservation-Management/dp/0815509170	Burghardt, G. M., & Rand, A. S. (1982). Iguanas of the world: their behavior, ecology, and conservation. Noyes Publications.	Animalia	Animalia
	NCBI:txid121354	Oxybelis aeneus							http://purl.obolibrary.org/obo/RO_0002439	preys on		NCBI:txid8517	Iguana iguana																	https://www.amazon.com/Iguanas-World-Behavior-Conservation-Management/dp/0815509170	Burghardt, G. M., & Rand, A. S. (1982). Iguanas of the world: their behavior, ecology, and conservation. Noyes Publications.	Animalia	Animalia
	NCBI:txid121346	Leptodeira annulata							http://purl.obolibrary.org/obo/RO_0002439	preys on		NCBI:txid8517	Iguana iguana																	https://www.amazon.com/Iguanas-World-Behavior-Conservation-Management/dp/0815509170	Burghardt, G. M., & Rand, A. S. (1982). Iguanas of the world: their behavior, ecology, and conservation. Noyes Publications.	Animalia	Animalia
	NCBI:txid338818	Trimorphodon biscutatus							http://purl.obolibrary.org/obo/RO_0002439	preys on		NCBI:txid8517	Iguana iguana																	https://www.amazon.com/Iguanas-World-Behavior-Conservation-Management/dp/0815509170	Burghardt, G. M., & Rand, A. S. (1982). Iguanas of the world: their behavior, ecology, and conservation. Noyes Publications.	Animalia	Animalia
	NCBI:txid39078	Loxocemus bicolor							http://purl.obolibrary.org/obo/RO_0002439	preys on		NCBI:txid8517	Iguana iguana																	https://www.amazon.com/Iguanas-World-Behavior-Conservation-Management/dp/0815509170	Burghardt, G. M., & Rand, A. S. (1982). Iguanas of the world: their behavior, ecology, and conservation. Noyes Publications.	Animalia	Animalia
	NCBI:txid9606	Homo sapiens							http://purl.obolibrary.org/obo/RO_0002439	preys on		NCBI:txid8517	Iguana iguana																	https://www.amazon.com/Iguanas-World-Behavior-Conservation-Management/dp/0815509170	Burghardt, G. M., & Rand, A. S. (1982). Iguanas of the world: their behavior, ecology, and conservation. Noyes Publications.	Animalia	Animalia
	NCBI:txid9615	Canis familiaris							http://purl.obolibrary.org/obo/RO_0002439	preys on		NCBI:txid8517	Iguana iguana																	https://www.amazon.com/Iguanas-World-Behavior-Conservation-Management/dp/0815509170	Burghardt, G. M., & Rand, A. S. (1982). Iguanas of the world: their behavior, ecology, and conservation. Noyes Publications.	Animalia	Animalia
	NCBI:txid9272	Philander opossum							http://purl.obolibrary.org/obo/RO_0002439	preys on		NCBI:txid8517	Iguana iguana																	https://www.amazon.com/Iguanas-World-Behavior-Conservation-Management/dp/0815509170	Burghardt, G. M., & Rand, A. S. (1982). Iguanas of the world: their behavior, ecology, and conservation. Noyes Publications.	Animalia	Animalia
	NCBI:txid64277	Quiscalus							http://purl.obolibrary.org/obo/RO_0002439	preys on		NCBI:txid8517	Iguana iguana																	https://www.amazon.com/Iguanas-World-Behavior-Conservation-Management/dp/0815509170	Burghardt, G. M., & Rand, A. S. (1982). Iguanas of the world: their behavior, ecology, and conservation. Noyes Publications.	Animalia	Animalia
	NCBI:txid8517	Iguana iguana							http://purl.obolibrary.org/obo/RO_0002470	eats		NCBI:txid80338	Spondias mombin	http://purl.obolibrary.org/obo/PO_0025034	leaves							ISO 3166-2:PA	Panama						10.2307/1564235	https://www.jstor.org/stable/1564235?origin=crossref	Rand, A. S., Dugan, B. A., Monteza, H., & Vianda, D. (1990). The diet of a generalized folivore: Iguana iguana in Panama. Journal of Herpetology, 24(2), 211-214.	Animalia	Plantae
	NCBI:txid8517	Iguana iguana							http://purl.obolibrary.org/obo/RO_0002470	eats		NCBI:txid681406	Annona acuminata	http://purl.obolibrary.org/obo/PO_0009001	fruit							ISO 3166-2:PA	Panama						10.2307/1564235	https://www.jstor.org/stable/1564235?origin=crossref	Rand, A. S., Dugan, B. A., Monteza, H., & Vianda, D. (1990). The diet of a generalized folivore: Iguana iguana in Panama. Journal of Herpetology, 24(2), 211-214.	Animalia	Plantae
	NCBI:txid8517	Iguana iguana							http://purl.obolibrary.org/obo/RO_0002470	eats		NCBI:txid69904	Tecoma stans	http://purl.obolibrary.org/obo/PO_0025034	leaves							ISO 3166-2:PA	Panama						10.2307/1564235	https://www.jstor.org/stable/1564235?origin=crossref	Rand, A. S., Dugan, B. A., Monteza, H., & Vianda, D. (1990). The diet of a generalized folivore: Iguana iguana in Panama. Journal of Herpetology, 24(2), 211-214.	Animalia	Plantae
	NCBI:txid8517	Iguana iguana							http://purl.obolibrary.org/obo/RO_0002470	eats		NCBI:txid69904	Tecoma stans	http://purl.obolibrary.org/obo/PO_0009001	fruit							ISO 3166-2:PA	Panama						10.2307/1564235	https://www.jstor.org/stable/1564235?origin=crossref	Rand, A. S., Dugan, B. A., Monteza, H., & Vianda, D. (1990). The diet of a generalized folivore: Iguana iguana in Panama. Journal of Herpetology, 24(2), 211-214.	Animalia	Plantae
	NCBI:txid8517	Iguana iguana							http://purl.obolibrary.org/obo/RO_0002470	eats		NCBI:txid353927	Amphilophium paniculatum	http://purl.obolibrary.org/obo/PO_0025034	leaves							ISO 3166-2:PA	Panama						10.2307/1564235	https://www.jstor.org/stable/1564235?origin=crossref	Rand, A. S., Dugan, B. A., Monteza, H., & Vianda, D. (1990). The diet of a generalized folivore: Iguana iguana in Panama. Journal of Herpetology, 24(2), 211-214.	Animalia	Plantae
	NCBI:txid8517	Iguana iguana							http://purl.obolibrary.org/obo/RO_0002470	eats		NCBI:txid353963	Ceratophytum tetragonolobum	http://purl.obolibrary.org/obo/PO_0009001	fruit							ISO 3166-2:PA	Panama						10.2307/1564235	https://www.jstor.org/stable/1564235?origin=crossref	Rand, A. S., Dugan, B. A., Monteza, H., & Vianda, D. (1990). The diet of a generalized folivore: Iguana iguana in Panama. Journal of Herpetology, 24(2), 211-214.	Animalia	Plantae
	NCBI:txid8517	Iguana iguana							http://purl.obolibrary.org/obo/RO_0002470	eats		NCBI:txid80326	Bursera simaruba	http://purl.obolibrary.org/obo/PO_0025034	leaves							ISO 3166-2:PA	Panama						10.2307/1564235	https://www.jstor.org/stable/1564235?origin=crossref	Rand, A. S., Dugan, B. A., Monteza, H., & Vianda, D. (1990). The diet of a generalized folivore: Iguana iguana in Panama. Journal of Herpetology, 24(2), 211-214.	Animalia	Plantae
	NCBI:txid8517	Iguana iguana							http://purl.obolibrary.org/obo/RO_0002470	eats		NCBI:txid202773	Capparis frondosa	http://purl.obolibrary.org/obo/PO_0025034	leaves							ISO 3166-2:PA	Panama						10.2307/1564235	https://www.jstor.org/stable/1564235?origin=crossref	Rand, A. S., Dugan, B. A., Monteza, H., & Vianda, D. (1990). The diet of a generalized folivore: Iguana iguana in Panama. Journal of Herpetology, 24(2), 211-214.	Animalia	Plantae
	NCBI:txid8517	Iguana iguana							http://purl.obolibrary.org/obo/RO_0002470	eats		NCBI:txid197417	Camonea umbellata	http://purl.obolibrary.org/obo/PO_0025034	leaves							ISO 3166-2:PA	Panama						10.2307/1564235	https://www.jstor.org/stable/1564235?origin=crossref	Rand, A. S., Dugan, B. A., Monteza, H., & Vianda, D. (1990). The diet of a generalized folivore: Iguana iguana in Panama. Journal of Herpetology, 24(2), 211-214.	Animalia	Plantae
	NCBI:txid8517	Iguana iguana							http://purl.obolibrary.org/obo/RO_0002470	eats		NCBI:txid2607178	Stictocardia tiliifolia	http://purl.obolibrary.org/obo/PO_0025034	leaves							ISO 3166-2:PA	Panama						10.2307/1564235	https://www.jstor.org/stable/1564235?origin=crossref	Rand, A. S., Dugan, B. A., Monteza, H., & Vianda, D. (1990). The diet of a generalized folivore: Iguana iguana in Panama. Journal of Herpetology, 24(2), 211-214.	Animalia	Plantae
	NCBI:txid8517	Iguana iguana							http://purl.obolibrary.org/obo/RO_0002470	eats		NCBI:txid714082	Merremia quinquefolia	http://purl.obolibrary.org/obo/PO_0025034	leaves							ISO 3166-2:PA	Panama						10.2307/1564235	https://www.jstor.org/stable/1564235?origin=crossref	Rand, A. S., Dugan, B. A., Monteza, H., & Vianda, D. (1990). The diet of a generalized folivore: Iguana iguana in Panama. Journal of Herpetology, 24(2), 211-214.	Animalia	Plantae
	NCBI:txid8517	Iguana iguana							http://purl.obolibrary.org/obo/RO_0002470	eats		NCBI:txid197425	Operculina pteripes	http://purl.obolibrary.org/obo/PO_0025034	leaves							ISO 3166-2:PA	Panama						10.2307/1564235	https://www.jstor.org/stable/1564235?origin=crossref	Rand, A. S., Dugan, B. A., Monteza, H., & Vianda, D. (1990). The diet of a generalized folivore: Iguana iguana in Panama. Journal of Herpetology, 24(2), 211-214.	Animalia	Plantae
	NCBI:txid8517	Iguana iguana							http://purl.obolibrary.org/obo/RO_0002470	eats		NCBI:txid197425	Operculina pteripes	http://purl.obolibrary.org/obo/PO_0009001	fruit							ISO 3166-2:PA	Panama						10.2307/1564235	https://www.jstor.org/stable/1564235?origin=crossref	Rand, A. S., Dugan, B. A., Monteza, H., & Vianda, D. (1990). The diet of a generalized folivore: Iguana iguana in Panama. Journal of Herpetology, 24(2), 211-214.	Animalia	Plantae
	NCBI:txid8517	Iguana iguana							http://purl.obolibrary.org/obo/RO_0002470	eats		NCBI:txid3653	Citrullus	http://purl.obolibrary.org/obo/PO_0025034	leaves							ISO 3166-2:PA	Panama						10.2307/1564235	https://www.jstor.org/stable/1564235?origin=crossref	Rand, A. S., Dugan, B. A., Monteza, H., & Vianda, D. (1990). The diet of a generalized folivore: Iguana iguana in Panama. Journal of Herpetology, 24(2), 211-214.	Animalia	Plantae
	NCBI:txid8517	Iguana iguana							http://purl.obolibrary.org/obo/RO_0002470	eats		NCBI:txid3655	Cucumis	http://purl.obolibrary.org/obo/PO_0025034	leaves							ISO 3166-2:PA	Panama						10.2307/1564235	https://www.jstor.org/stable/1564235?origin=crossref	Rand, A. S., Dugan, B. A., Monteza, H., & Vianda, D. (1990). The diet of a generalized folivore: Iguana iguana in Panama. Journal of Herpetology, 24(2), 211-214.	Animalia	Plantae
	NCBI:txid8517	Iguana iguana							http://purl.obolibrary.org/obo/RO_0002470	eats		NCBI:txid3673	Momordica charantia	http://purl.obolibrary.org/obo/PO_0025034	leaves							ISO 3166-2:PA	Panama						10.2307/1564235	https://www.jstor.org/stable/1564235?origin=crossref	Rand, A. S., Dugan, B. A., Monteza, H., & Vianda, D. (1990). The diet of a generalized folivore: Iguana iguana in Panama. Journal of Herpetology, 24(2), 211-214.	Animalia	Plantae
	NCBI:txid8517	Iguana iguana							http://purl.obolibrary.org/obo/RO_0002470	eats		NCBI:txid4610	Cyperus	http://purl.obolibrary.org/obo/PO_0025034	leaves							ISO 3166-2:PA	Panama						10.2307/1564235	https://www.jstor.org/stable/1564235?origin=crossref	Rand, A. S., Dugan, B. A., Monteza, H., & Vianda, D. (1990). The diet of a generalized folivore: Iguana iguana in Panama. Journal of Herpetology, 24(2), 211-214.	Animalia	Plantae
	NCBI:txid8517	Iguana iguana							http://purl.obolibrary.org/obo/RO_0002470	eats		GBIF:3067118	Chamaesyce densiflora	http://purl.obolibrary.org/obo/PO_0025034	leaves							ISO 3166-2:PA	Panama						10.2307/1564235	https://www.jstor.org/stable/1564235?origin=crossref	Rand, A. S., Dugan, B. A., Monteza, H., & Vianda, D. (1990). The diet of a generalized folivore: Iguana iguana in Panama. Journal of Herpetology, 24(2), 211-214.	Animalia	Plantae
	NCBI:txid8517	Iguana iguana							http://purl.obolibrary.org/obo/RO_0002470	eats		NCBI:txid630757	Centrosema plumieri	http://purl.obolibrary.org/obo/PO_0025034	leaves							ISO 3166-2:PA	Panama						10.2307/1564235	https://www.jstor.org/stable/1564235?origin=crossref	Rand, A. S., Dugan, B. A., Monteza, H., & Vianda, D. (1990). The diet of a generalized folivore: Iguana iguana in Panama. Journal of Herpetology, 24(2), 211-214.	Animalia	Plantae
	NCBI:txid8517	Iguana iguana							http://purl.obolibrary.org/obo/RO_0002470	eats		NCBI:txid1475431	Pithecellobium oblongum	http://purl.obolibrary.org/obo/PO_0025034	leaves							ISO 3166-2:PA	Panama						10.2307/1564235	https://www.jstor.org/stable/1564235?origin=crossref	Rand, A. S., Dugan, B. A., Monteza, H., & Vianda, D. (1990). The diet of a generalized folivore: Iguana iguana in Panama. Journal of Herpetology, 24(2), 211-214.	Animalia	Plantae
	NCBI:txid8517	Iguana iguana							http://purl.obolibrary.org/obo/RO_0002470	eats		NCBI:txid210352	Cecropia peltata	http://purl.obolibrary.org/obo/PO_0025034	leaves							ISO 3166-2:PA	Panama						10.2307/1564235	https://www.jstor.org/stable/1564235?origin=crossref	Rand, A. S., Dugan, B. A., Monteza, H., & Vianda, D. (1990). The diet of a generalized folivore: Iguana iguana in Panama. Journal of Herpetology, 24(2), 211-214.	Animalia	Plantae
	NCBI:txid8517	Iguana iguana							http://purl.obolibrary.org/obo/RO_0002470	eats		NCBI:txid363212	Pisonia aculeata	http://purl.obolibrary.org/obo/PO_0025034	leaves							ISO 3166-2:PA	Panama						10.2307/1564235	https://www.jstor.org/stable/1564235?origin=crossref	Rand, A. S., Dugan, B. A., Monteza, H., & Vianda, D. (1990). The diet of a generalized folivore: Iguana iguana in Panama. Journal of Herpetology, 24(2), 211-214.	Animalia	Plantae
	NCBI:txid8517	Iguana iguana							http://purl.obolibrary.org/obo/RO_0002470	eats		NCBI:txid1136837	Gouania lupuloides	http://purl.obolibrary.org/obo/PO_0025034	leaves							ISO 3166-2:PA	Panama						10.2307/1564235	https://www.jstor.org/stable/1564235?origin=crossref	Rand, A. S., Dugan, B. A., Monteza, H., & Vianda, D. (1990). The diet of a generalized folivore: Iguana iguana in Panama. Journal of Herpetology, 24(2), 211-214.	Animalia	Plantae
	NCBI:txid8517	Iguana iguana							http://purl.obolibrary.org/obo/RO_0002470	eats		NCBI:txid85718	Coutarea hexandra	http://purl.obolibrary.org/obo/PO_0025034	leaves							ISO 3166-2:PA	Panama						10.2307/1564235	https://www.jstor.org/stable/1564235?origin=crossref	Rand, A. S., Dugan, B. A., Monteza, H., & Vianda, D. (1990). The diet of a generalized folivore: Iguana iguana in Panama. Journal of Herpetology, 24(2), 211-214.	Animalia	Plantae
	NCBI:txid8517	Iguana iguana							http://purl.obolibrary.org/obo/RO_0002470	eats		NCBI:txid85249	Pouteria	http://purl.obolibrary.org/obo/PO_0025034	leaves							ISO 3166-2:PA	Panama						10.2307/1564235	https://www.jstor.org/stable/1564235?origin=crossref	Rand, A. S., Dugan, B. A., Monteza, H., & Vianda, D. (1990). The diet of a generalized folivore: Iguana iguana in Panama. Journal of Herpetology, 24(2), 211-214.	Animalia	Plantae
	NCBI:txid8517	Iguana iguana							http://purl.obolibrary.org/obo/RO_0002470	eats		NCBI:txid290923	Cardiospermum grandiflorum	http://purl.obolibrary.org/obo/PO_0025034	leaves							ISO 3166-2:PA	Panama						10.2307/1564235	https://www.jstor.org/stable/1564235?origin=crossref	Rand, A. S., Dugan, B. A., Monteza, H., & Vianda, D. (1990). The diet of a generalized folivore: Iguana iguana in Panama. Journal of Herpetology, 24(2), 211-214.	Animalia	Plantae
	NCBI:txid8517	Iguana iguana							http://purl.obolibrary.org/obo/RO_0002470	eats		NCBI:txid1475415	Laportea aestuans	http://purl.obolibrary.org/obo/PO_0025034	leaves							ISO 3166-2:PA	Panama						10.2307/1564235	https://www.jstor.org/stable/1564235?origin=crossref	Rand, A. S., Dugan, B. A., Monteza, H., & Vianda, D. (1990). The diet of a generalized folivore: Iguana iguana in Panama. Journal of Herpetology, 24(2), 211-214.	Animalia	Plantae
	NCBI:txid8517	Iguana iguana							http://purl.obolibrary.org/obo/RO_0002470	eats		NCBI:txid289665	Cissus sicyoides	http://purl.obolibrary.org/obo/PO_0025034	leaves							ISO 3166-2:PA	Panama						10.2307/1564235	https://www.jstor.org/stable/1564235?origin=crossref	Rand, A. S., Dugan, B. A., Monteza, H., & Vianda, D. (1990). The diet of a generalized folivore: Iguana iguana in Panama. Journal of Herpetology, 24(2), 211-214.	Animalia	Plantae
	NCBI:txid8517	Iguana iguana							http://purl.obolibrary.org/obo/RO_0002470	eats		NCBI:txid58486	Genipa americana	http://purl.obolibrary.org/obo/PO_0025034	leaves							ISO 3166-2:PA	Panama						10.2307/1564235	https://www.jstor.org/stable/1564235?origin=crossref	Rand, A. S., Dugan, B. A., Monteza, H., & Vianda, D. (1990). The diet of a generalized folivore: Iguana iguana in Panama. Journal of Herpetology, 24(2), 211-214.	Animalia	Plantae
	NCBI:txid8517	Iguana iguana							http://purl.obolibrary.org/obo/RO_0002470	eats		NCBI:txid58486	Genipa americana	http://purl.obolibrary.org/obo/PO_0009001	fruit							ISO 3166-2:PA	Panama						10.2307/1564235	https://www.jstor.org/stable/1564235?origin=crossref	Rand, A. S., Dugan, B. A., Monteza, H., & Vianda, D. (1990). The diet of a generalized folivore: Iguana iguana in Panama. Journal of Herpetology, 24(2), 211-214.	Animalia	Plantae
	NCBI:txid8517	Iguana iguana							http://purl.obolibrary.org/obo/RO_0002470	eats		NCBI:txid290923	Cardiospermum grandiflorum	http://purl.obolibrary.org/obo/PO_0025034	leaves							ISO 3166-2:PA	Panama						10.2307/1564235	https://www.jstor.org/stable/1564235?origin=crossref	Rand, A. S., Dugan, B. A., Monteza, H., & Vianda, D. (1990). The diet of a generalized folivore: Iguana iguana in Panama. Journal of Herpetology, 24(2), 211-214.	Animalia	Plantae
	NCBI:txid8517	Iguana iguana							http://purl.obolibrary.org/obo/RO_0002470	eats		NCBI:txid316851	Sapium glandulosum	http://purl.obolibrary.org/obo/PO_0025034	leaves							ISO 3166-2:PA	Panama						10.2307/1564235	https://www.jstor.org/stable/1564235?origin=crossref	Rand, A. S., Dugan, B. A., Monteza, H., & Vianda, D. (1990). The diet of a generalized folivore: Iguana iguana in Panama. Journal of Herpetology, 24(2), 211-214.	Animalia	Plantae
	NCBI:txid8517	Iguana iguana							http://purl.obolibrary.org/obo/RO_0002470	eats		NCBI:txid210352	Cecropia peltata	http://purl.obolibrary.org/obo/PO_0009049	inflorescence							ISO 3166-2:PA	Panama						10.2307/1564235	https://www.jstor.org/stable/1564235?origin=crossref	Rand, A. S., Dugan, B. A., Monteza, H., & Vianda, D. (1990). The diet of a generalized folivore: Iguana iguana in Panama. Journal of Herpetology, 24(2), 211-214.	Animalia	Plantae
	NCBI:txid8517	Iguana iguana							http://purl.obolibrary.org/obo/RO_0002470	eats		NCBI:txid210352	Cecropia peltata	http://purl.obolibrary.org/obo/PO_0025034	leaves							ISO 3166-2:PA	Panama						10.2307/1564235	https://www.jstor.org/stable/1564235?origin=crossref	Rand, A. S., Dugan, B. A., Monteza, H., & Vianda, D. (1990). The diet of a generalized folivore: Iguana iguana in Panama. Journal of Herpetology, 24(2), 211-214.	Animalia	Plantae
	NCBI:txid8517	Iguana iguana							http://purl.obolibrary.org/obo/RO_0002470	eats		NCBI:txid289665	Cissus sicyoides	http://purl.obolibrary.org/obo/PO_0025034	leaves							ISO 3166-2:PA	Panama						10.2307/1564235	https://www.jstor.org/stable/1564235?origin=crossref	Rand, A. S., Dugan, B. A., Monteza, H., & Vianda, D. (1990). The diet of a generalized folivore: Iguana iguana in Panama. Journal of Herpetology, 24(2), 211-214.	Animalia	Plantae
	NCBI:txid8517	Iguana iguana							http://purl.obolibrary.org/obo/RO_0002470	eats		NCBI:txid80338	Spondias mombin	http://purl.obolibrary.org/obo/PO_0025034	leaves							ISO 3166-2:PA	Panama						10.2307/1564235	https://www.jstor.org/stable/1564235?origin=crossref	Rand, A. S., Dugan, B. A., Monteza, H., & Vianda, D. (1990). The diet of a generalized folivore: Iguana iguana in Panama. Journal of Herpetology, 24(2), 211-214.	Animalia	Plantae
	NCBI:txid8517	Iguana iguana							http://purl.obolibrary.org/obo/RO_0002470	eats		NCBI:txid3493	Ficus	http://purl.obolibrary.org/obo/PO_0025034	leaves							ISO 3166-2:PA	Panama						10.2307/1564235	https://www.jstor.org/stable/1564235?origin=crossref	Rand, A. S., Dugan, B. A., Monteza, H., & Vianda, D. (1990). The diet of a generalized folivore: Iguana iguana in Panama. Journal of Herpetology, 24(2), 211-214.	Animalia	Plantae
	NCBI:txid8517	Iguana iguana							http://purl.obolibrary.org/obo/RO_0002470	eats		NCBI:txid4119	Ipomoea	http://purl.obolibrary.org/obo/PO_0025034	leaves							ISO 3166-2:PA	Panama						10.2307/1564235	https://www.jstor.org/stable/1564235?origin=crossref	Rand, A. S., Dugan, B. A., Monteza, H., & Vianda, D. (1990). The diet of a generalized folivore: Iguana iguana in Panama. Journal of Herpetology, 24(2), 211-214.	Animalia	Plantae
	NCBI:txid8517	Iguana iguana							http://purl.obolibrary.org/obo/RO_0002470	eats		NCBI:txid429709	Tabebuia rosea	http://purl.obolibrary.org/obo/PO_0025034	leaves							ISO 3166-2:MX	Mexico, Veracruz					1990/1992		https://www.scielo.org.mx/scielo.php?pid=S0065-17372002000100009&script=sci_abstract&tlng=pt	Lara-López, M., & González-Romero, A. (2002). Alimentación de la iguana verde Iguana iguana (squamata: iguanidae) en La Mancha, Veracruz, México. Acta zoológica mexicana, (85), 139-152.	Animalia	Plantae
	NCBI:txid8517	Iguana iguana							http://purl.obolibrary.org/obo/RO_0002470	eats		NCBI:txid3630	Abutilon	http://purl.obolibrary.org/obo/PO_0025034	leaves							ISO 3166-2:MX	Mexico, Veracruz					1990/1992		https://www.scielo.org.mx/scielo.php?pid=S0065-17372002000100009&script=sci_abstract&tlng=pt	Lara-López, M., & González-Romero, A. (2002). Alimentación de la iguana verde Iguana iguana (squamata: iguanidae) en La Mancha, Veracruz, México. Acta zoológica mexicana, (85), 139-152.	Animalia	Plantae
	NCBI:txid8517	Iguana iguana							http://purl.obolibrary.org/obo/RO_0002470	eats		NCBI:txid4119	Ipomoea	http://purl.obolibrary.org/obo/PO_0025034	leaves							ISO 3166-2:MX	Mexico, Veracruz					1990/1992		https://www.scielo.org.mx/scielo.php?pid=S0065-17372002000100009&script=sci_abstract&tlng=pt	Lara-López, M., & González-Romero, A. (2002). Alimentación de la iguana verde Iguana iguana (squamata: iguanidae) en La Mancha, Veracruz, México. Acta zoológica mexicana, (85), 139-152.	Animalia	Plantae
	NCBI:txid8517	Iguana iguana							http://purl.obolibrary.org/obo/RO_0002470	eats		NCBI:txid93772	Guazuma ulmifolia	http://purl.obolibrary.org/obo/PO_0025034	leaves							ISO 3166-2:MX	Mexico, Veracruz					1990/1992		https://www.scielo.org.mx/scielo.php?pid=S0065-17372002000100009&script=sci_abstract&tlng=pt	Lara-López, M., & González-Romero, A. (2002). Alimentación de la iguana verde Iguana iguana (squamata: iguanidae) en La Mancha, Veracruz, México. Acta zoológica mexicana, (85), 139-152.	Animalia	Plantae
	NCBI:txid8517	Iguana iguana							http://purl.obolibrary.org/obo/RO_0002470	eats		NCBI:txid176608	Melampodium	http://purl.obolibrary.org/obo/PO_0025034	leaves							ISO 3166-2:MX	Mexico, Veracruz					1990/1992		https://www.scielo.org.mx/scielo.php?pid=S0065-17372002000100009&script=sci_abstract&tlng=pt	Lara-López, M., & González-Romero, A. (2002). Alimentación de la iguana verde Iguana iguana (squamata: iguanidae) en La Mancha, Veracruz, México. Acta zoológica mexicana, (85), 139-152.	Animalia	Plantae
	NCBI:txid8517	Iguana iguana							http://purl.obolibrary.org/obo/RO_0002470	eats		NCBI:txid3808	Acacia	http://purl.obolibrary.org/obo/PO_0025034	leaves							ISO 3166-2:MX	Mexico, Veracruz					1990/1992		https://www.scielo.org.mx/scielo.php?pid=S0065-17372002000100009&script=sci_abstract&tlng=pt	Lara-López, M., & González-Romero, A. (2002). Alimentación de la iguana verde Iguana iguana (squamata: iguanidae) en La Mancha, Veracruz, México. Acta zoológica mexicana, (85), 139-152.	Animalia	Plantae
	NCBI:txid8517	Iguana iguana							http://purl.obolibrary.org/obo/RO_0002470	eats		NCBI:txid761051	Tabernaemontana alba	http://purl.obolibrary.org/obo/PO_0025034	leaves							ISO 3166-2:MX	Mexico, Veracruz					1990/1992		https://www.scielo.org.mx/scielo.php?pid=S0065-17372002000100009&script=sci_abstract&tlng=pt	Lara-López, M., & González-Romero, A. (2002). Alimentación de la iguana verde Iguana iguana (squamata: iguanidae) en La Mancha, Veracruz, México. Acta zoológica mexicana, (85), 139-152.	Animalia	Plantae
	NCBI:txid8517	Iguana iguana							http://purl.obolibrary.org/obo/RO_0002470	eats		NCBI:txid3650	Cucurbitaceae	http://purl.obolibrary.org/obo/PO_0025034	leaves							ISO 3166-2:MX	Mexico, Veracruz					1990/1992		https://www.scielo.org.mx/scielo.php?pid=S0065-17372002000100009&script=sci_abstract&tlng=pt	Lara-López, M., & González-Romero, A. (2002). Alimentación de la iguana verde Iguana iguana (squamata: iguanidae) en La Mancha, Veracruz, México. Acta zoológica mexicana, (85), 139-152.	Animalia	Plantae
	NCBI:txid8517	Iguana iguana							http://purl.obolibrary.org/obo/RO_0002470	eats		NCBI:txid23672	Sapindaceae	http://purl.obolibrary.org/obo/PO_0025034	leaves							ISO 3166-2:MX	Mexico, Veracruz					1990/1992		https://www.scielo.org.mx/scielo.php?pid=S0065-17372002000100009&script=sci_abstract&tlng=pt	Lara-López, M., & González-Romero, A. (2002). Alimentación de la iguana verde Iguana iguana (squamata: iguanidae) en La Mancha, Veracruz, México. Acta zoológica mexicana, (85), 139-152.	Animalia	Plantae
	NCBI:txid8517	Iguana iguana							http://purl.obolibrary.org/obo/RO_0002470	eats		NCBI:txid4056	Asclepiadaceae	http://purl.obolibrary.org/obo/PO_0025034	leaves							ISO 3166-2:MX	Mexico, Veracruz					1990/1992		https://www.scielo.org.mx/scielo.php?pid=S0065-17372002000100009&script=sci_abstract&tlng=pt	Lara-López, M., & González-Romero, A. (2002). Alimentación de la iguana verde Iguana iguana (squamata: iguanidae) en La Mancha, Veracruz, México. Acta zoológica mexicana, (85), 139-152.	Animalia	Plantae
	NCBI:txid8517	Iguana iguana							http://purl.obolibrary.org/obo/RO_0002470	eats		NCBI:txid58859	Tamarindus	http://purl.obolibrary.org/obo/PO_0025034	leaves							ISO 3166-2:MX	Mexico, Veracruz					1990/1992		https://www.scielo.org.mx/scielo.php?pid=S0065-17372002000100009&script=sci_abstract&tlng=pt	Lara-López, M., & González-Romero, A. (2002). Alimentación de la iguana verde Iguana iguana (squamata: iguanidae) en La Mancha, Veracruz, México. Acta zoológica mexicana, (85), 139-152.	Animalia	Plantae
	NCBI:txid8517	Iguana iguana							http://purl.obolibrary.org/obo/RO_0002470	eats		NCBI:txid4119	Ipomoea	http://purl.obolibrary.org/obo/PO_0025034	leaves							ISO 3166-2:MX	Mexico, Veracruz					1990/1992		https://www.scielo.org.mx/scielo.php?pid=S0065-17372002000100009&script=sci_abstract&tlng=pt	Lara-López, M., & González-Romero, A. (2002). Alimentación de la iguana verde Iguana iguana (squamata: iguanidae) en La Mancha, Veracruz, México. Acta zoológica mexicana, (85), 139-152.	Animalia	Plantae
	NCBI:txid8517	Iguana iguana							http://purl.obolibrary.org/obo/RO_0002470	eats		NCBI:txid3913	Vigna	http://purl.obolibrary.org/obo/PO_0025034	leaves							ISO 3166-2:MX	Mexico, Veracruz					1990/1992		https://www.scielo.org.mx/scielo.php?pid=S0065-17372002000100009&script=sci_abstract&tlng=pt	Lara-López, M., & González-Romero, A. (2002). Alimentación de la iguana verde Iguana iguana (squamata: iguanidae) en La Mancha, Veracruz, México. Acta zoológica mexicana, (85), 139-152.	Animalia	Plantae
	NCBI:txid8517	Iguana iguana							http://purl.obolibrary.org/obo/RO_0002470	eats		NCBI:txid3883	Phaseolus	http://purl.obolibrary.org/obo/PO_0025034	leaves							ISO 3166-2:MX	Mexico, Veracruz					1990/1992		https://www.scielo.org.mx/scielo.php?pid=S0065-17372002000100009&script=sci_abstract&tlng=pt	Lara-López, M., & González-Romero, A. (2002). Alimentación de la iguana verde Iguana iguana (squamata: iguanidae) en La Mancha, Veracruz, México. Acta zoológica mexicana, (85), 139-152.	Animalia	Plantae
	NCBI:txid8517	Iguana iguana							http://purl.obolibrary.org/obo/RO_0002470	eats		NCBI:txid4743	Commelina	http://purl.obolibrary.org/obo/PO_0025034	leaves							ISO 3166-2:MX	Mexico, Veracruz					1990/1992		https://www.scielo.org.mx/scielo.php?pid=S0065-17372002000100009&script=sci_abstract&tlng=pt	Lara-López, M., & González-Romero, A. (2002). Alimentación de la iguana verde Iguana iguana (squamata: iguanidae) en La Mancha, Veracruz, México. Acta zoológica mexicana, (85), 139-152.	Animalia	Plantae
	NCBI:txid8517	Iguana iguana							http://purl.obolibrary.org/obo/RO_0002470	eats		NCBI:txid3828	Crotalaria	http://purl.obolibrary.org/obo/PO_0025034	leaves							ISO 3166-2:MX	Mexico, Veracruz					1990/1992		https://www.scielo.org.mx/scielo.php?pid=S0065-17372002000100009&script=sci_abstract&tlng=pt	Lara-López, M., & González-Romero, A. (2002). Alimentación de la iguana verde Iguana iguana (squamata: iguanidae) en La Mancha, Veracruz, México. Acta zoológica mexicana, (85), 139-152.	Animalia	Plantae
	NCBI:txid8517	Iguana iguana							http://purl.obolibrary.org/obo/RO_0002470	eats		NCBI:txid1634154	Paulinia	http://purl.obolibrary.org/obo/PO_0025034	leaves							ISO 3166-2:MX	Mexico, Veracruz					1990/1992		https://www.scielo.org.mx/scielo.php?pid=S0065-17372002000100009&script=sci_abstract&tlng=pt	Lara-López, M., & González-Romero, A. (2002). Alimentación de la iguana verde Iguana iguana (squamata: iguanidae) en La Mancha, Veracruz, México. Acta zoológica mexicana, (85), 139-152.	Animalia	Plantae
	NCBI:txid8517	Iguana iguana							http://purl.obolibrary.org/obo/RO_0002470	eats		NCBI:txid3493	Ficus	http://purl.obolibrary.org/obo/PO_0025034	leaves							ISO 3166-2:MX	Mexico, Veracruz					1990/1992		https://www.scielo.org.mx/scielo.php?pid=S0065-17372002000100009&script=sci_abstract&tlng=pt	Lara-López, M., & González-Romero, A. (2002). Alimentación de la iguana verde Iguana iguana (squamata: iguanidae) en La Mancha, Veracruz, México. Acta zoológica mexicana, (85), 139-152.	Animalia	Plantae
	NCBI:txid8517	Iguana iguana							http://purl.obolibrary.org/obo/RO_0002470	eats		NCBI:txid63473	Gonolobus	http://purl.obolibrary.org/obo/PO_0025034	leaves							ISO 3166-2:MX	Mexico, Veracruz					1990/1992		https://www.scielo.org.mx/scielo.php?pid=S0065-17372002000100009&script=sci_abstract&tlng=pt	Lara-López, M., & González-Romero, A. (2002). Alimentación de la iguana verde Iguana iguana (squamata: iguanidae) en La Mancha, Veracruz, México. Acta zoológica mexicana, (85), 139-152.	Animalia	Plantae
	NCBI:txid8517	Iguana iguana							http://purl.obolibrary.org/obo/RO_0002470	eats		NCBI:txid169205	Achyranthes	http://purl.obolibrary.org/obo/PO_0025034	leaves							ISO 3166-2:MX	Mexico, Veracruz					1990/1992		https://www.scielo.org.mx/scielo.php?pid=S0065-17372002000100009&script=sci_abstract&tlng=pt	Lara-López, M., & González-Romero, A. (2002). Alimentación de la iguana verde Iguana iguana (squamata: iguanidae) en La Mancha, Veracruz, México. Acta zoológica mexicana, (85), 139-152.	Animalia	Plantae
	NCBI:txid8517	Iguana iguana							http://purl.obolibrary.org/obo/RO_0002470	eats		NCBI:txid100370	Croton	http://purl.obolibrary.org/obo/PO_0025034	leaves							ISO 3166-2:MX	Mexico, Veracruz					1990/1992		https://www.scielo.org.mx/scielo.php?pid=S0065-17372002000100009&script=sci_abstract&tlng=pt	Lara-López, M., & González-Romero, A. (2002). Alimentación de la iguana verde Iguana iguana (squamata: iguanidae) en La Mancha, Veracruz, México. Acta zoológica mexicana, (85), 139-152.	Animalia	Plantae
	NCBI:txid8517	Iguana iguana							http://purl.obolibrary.org/obo/RO_0002470	eats		NCBI:txid3803	Fabaceae	http://purl.obolibrary.org/obo/PO_0025034	leaves							ISO 3166-2:MX	Mexico, Veracruz					1990/1992		https://www.scielo.org.mx/scielo.php?pid=S0065-17372002000100009&script=sci_abstract&tlng=pt	Lara-López, M., & González-Romero, A. (2002). Alimentación de la iguana verde Iguana iguana (squamata: iguanidae) en La Mancha, Veracruz, México. Acta zoológica mexicana, (85), 139-152.	Animalia	Plantae
	NCBI:txid8517	Iguana iguana							http://purl.obolibrary.org/obo/RO_0002470	eats		NCBI:txid3629	Malvaceae	http://purl.obolibrary.org/obo/PO_0025034	leaves							ISO 3166-2:MX	Mexico, Veracruz					1990/1992		https://www.scielo.org.mx/scielo.php?pid=S0065-17372002000100009&script=sci_abstract&tlng=pt	Lara-López, M., & González-Romero, A. (2002). Alimentación de la iguana verde Iguana iguana (squamata: iguanidae) en La Mancha, Veracruz, México. Acta zoológica mexicana, (85), 139-152.	Animalia	Plantae
	NCBI:txid8517	Iguana iguana							http://purl.obolibrary.org/obo/RO_0002470	eats		NCBI:txid4741	Tradescantia	http://purl.obolibrary.org/obo/PO_0025034	leaves							ISO 3166-2:MX	Mexico, Veracruz					1990/1992		https://www.scielo.org.mx/scielo.php?pid=S0065-17372002000100009&script=sci_abstract&tlng=pt	Lara-López, M., & González-Romero, A. (2002). Alimentación de la iguana verde Iguana iguana (squamata: iguanidae) en La Mancha, Veracruz, México. Acta zoológica mexicana, (85), 139-152.	Animalia	Plantae
	NCBI:txid8517	Iguana iguana							http://purl.obolibrary.org/obo/RO_0002470	eats		NCBI:txid108335	Sida	http://purl.obolibrary.org/obo/PO_0025034	leaves							ISO 3166-2:MX	Mexico, Veracruz					1990/1992		https://www.scielo.org.mx/scielo.php?pid=S0065-17372002000100009&script=sci_abstract&tlng=pt	Lara-López, M., & González-Romero, A. (2002). Alimentación de la iguana verde Iguana iguana (squamata: iguanidae) en La Mancha, Veracruz, México. Acta zoológica mexicana, (85), 139-152.	Animalia	Plantae
	NCBI:txid8517	Iguana iguana							http://purl.obolibrary.org/obo/RO_0002470	eats		NCBI:txid4479	Poaceae	http://purl.obolibrary.org/obo/PO_0025034	leaves							ISO 3166-2:MX	Mexico, Veracruz					1990/1992		https://www.scielo.org.mx/scielo.php?pid=S0065-17372002000100009&script=sci_abstract&tlng=pt	Lara-López, M., & González-Romero, A. (2002). Alimentación de la iguana verde Iguana iguana (squamata: iguanidae) en La Mancha, Veracruz, México. Acta zoológica mexicana, (85), 139-152.	Animalia	Plantae
	NCBI:txid8517	Iguana iguana							http://purl.obolibrary.org/obo/RO_0002470	eats		NCBI:txid4119	Ipomoea	http://purl.obolibrary.org/obo/PO_0025034	leaves							ISO 3166-2:MX	Mexico, Veracruz					1990/1992		https://www.scielo.org.mx/scielo.php?pid=S0065-17372002000100009&script=sci_abstract&tlng=pt	Lara-López, M., & González-Romero, A. (2002). Alimentación de la iguana verde Iguana iguana (squamata: iguanidae) en La Mancha, Veracruz, México. Acta zoológica mexicana, (85), 139-152.	Animalia	Plantae
	NCBI:txid8517	Iguana iguana							http://purl.obolibrary.org/obo/RO_0002470	eats		NCBI:txid3564	Amaranthus	http://purl.obolibrary.org/obo/PO_0025034	leaves							ISO 3166-2:MX	Mexico, Veracruz					1990/1992		https://www.scielo.org.mx/scielo.php?pid=S0065-17372002000100009&script=sci_abstract&tlng=pt	Lara-López, M., & González-Romero, A. (2002). Alimentación de la iguana verde Iguana iguana (squamata: iguanidae) en La Mancha, Veracruz, México. Acta zoológica mexicana, (85), 139-152.	Animalia	Plantae
	NCBI:txid8517	Iguana iguana							http://purl.obolibrary.org/obo/RO_0002470	eats		NCBI:txid53866	Desmodium	http://purl.obolibrary.org/obo/PO_0025034	leaves							ISO 3166-2:MX	Mexico, Veracruz					1990/1992		https://www.scielo.org.mx/scielo.php?pid=S0065-17372002000100009&script=sci_abstract&tlng=pt	Lara-López, M., & González-Romero, A. (2002). Alimentación de la iguana verde Iguana iguana (squamata: iguanidae) en La Mancha, Veracruz, México. Acta zoológica mexicana, (85), 139-152.	Animalia	Plantae
	NCBI:txid8517	Iguana iguana							http://purl.obolibrary.org/obo/RO_0002470	eats		NCBI:txid4056	Apocynaceae	http://purl.obolibrary.org/obo/PO_0025034	leaves							ISO 3166-2:MX	Mexico, Veracruz					1990/1992		https://www.scielo.org.mx/scielo.php?pid=S0065-17372002000100009&script=sci_abstract&tlng=pt	Lara-López, M., & González-Romero, A. (2002). Alimentación de la iguana verde Iguana iguana (squamata: iguanidae) en La Mancha, Veracruz, México. Acta zoológica mexicana, (85), 139-152.	Animalia	Plantae
	NCBI:txid8517	Iguana iguana							http://purl.obolibrary.org/obo/RO_0002470	eats		NCBI:txid429709	Tabebuia rosea	http://purl.obolibrary.org/obo/PO_0009046	flowers							ISO 3166-2:MX	Mexico, Veracruz					1990/1992		https://www.scielo.org.mx/scielo.php?pid=S0065-17372002000100009&script=sci_abstract&tlng=pt	Lara-López, M., & González-Romero, A. (2002). Alimentación de la iguana verde Iguana iguana (squamata: iguanidae) en La Mancha, Veracruz, México. Acta zoológica mexicana, (85), 139-152.	Animalia	Plantae
	NCBI:txid8517	Iguana iguana							http://purl.obolibrary.org/obo/RO_0002470	eats		NCBI:txid469730	Sabal mexicana	http://purl.obolibrary.org/obo/PO_0009046	flowers							ISO 3166-2:MX	Mexico, Veracruz					1990/1992		https://www.scielo.org.mx/scielo.php?pid=S0065-17372002000100009&script=sci_abstract&tlng=pt	Lara-López, M., & González-Romero, A. (2002). Alimentación de la iguana verde Iguana iguana (squamata: iguanidae) en La Mancha, Veracruz, México. Acta zoológica mexicana, (85), 139-152.	Animalia	Plantae
	NCBI:txid8517	Iguana iguana							http://purl.obolibrary.org/obo/RO_0002470	eats		NCBI:txid167663	Gliricidia sepium	http://purl.obolibrary.org/obo/PO_0009046	flowers							ISO 3166-2:MX	Mexico, Veracruz					1990/1992		https://www.scielo.org.mx/scielo.php?pid=S0065-17372002000100009&script=sci_abstract&tlng=pt	Lara-López, M., & González-Romero, A. (2002). Alimentación de la iguana verde Iguana iguana (squamata: iguanidae) en La Mancha, Veracruz, México. Acta zoológica mexicana, (85), 139-152.	Animalia	Plantae
	NCBI:txid8517	Iguana iguana							http://purl.obolibrary.org/obo/RO_0002470	eats		NCBI:txid40031	Rhizophora mangle	http://purl.obolibrary.org/obo/PO_0009046	flowers							ISO 3166-2:MX	Mexico, Veracruz					1990/1992		https://www.scielo.org.mx/scielo.php?pid=S0065-17372002000100009&script=sci_abstract&tlng=pt	Lara-López, M., & González-Romero, A. (2002). Alimentación de la iguana verde Iguana iguana (squamata: iguanidae) en La Mancha, Veracruz, México. Acta zoológica mexicana, (85), 139-152.	Animalia	Plantae
	NCBI:txid8517	Iguana iguana							http://purl.obolibrary.org/obo/RO_0002470	eats		NCBI:txid43496	Hamelia	http://purl.obolibrary.org/obo/PO_0009001	fruit							ISO 3166-2:MX	Mexico, Veracruz					1990/1992		https://www.scielo.org.mx/scielo.php?pid=S0065-17372002000100009&script=sci_abstract&tlng=pt	Lara-López, M., & González-Romero, A. (2002). Alimentación de la iguana verde Iguana iguana (squamata: iguanidae) en La Mancha, Veracruz, México. Acta zoológica mexicana, (85), 139-152.	Animalia	Plantae
	NCBI:txid8517	Iguana iguana			http://purl.obolibrary.org/obo/UBERON_0034919	juvenile			http://purl.obolibrary.org/obo/RO_0008506	co-occurs with		NCBI:txid8517	Iguana iguana			http://purl.obolibrary.org/obo/UBERON_0034919	juvenile					ISO 3166-2:PA	Barro Colorado  Island, Panama						10.1126/science.195.4279.689	https://www.science.org/doi/abs/10.1126/science.195.4279.689	Burghardt, G. M., Greene, H. W., & Rand, A. S. (1977). Social behavior in hatchling green iguanas: life at a reptile rookery. Science, 195(4279), 689-691.	Animalia	Animalia
	NCBI:txid161134	Basiliscus basiliscus							http://purl.obolibrary.org/obo/RO_0002439	preys on		NCBI:txid8517	Iguana iguana			http://purl.obolibrary.org/obo/UBERON_0034919	juvenile					ISO 3166-2:PA	Barro Colorado  Island, Panama						10.1126/science.195.4279.689	https://www.science.org/doi/abs/10.1126/science.195.4279.689	Burghardt, G. M., Greene, H. W., & Rand, A. S. (1977). Social behavior in hatchling green iguanas: life at a reptile rookery. Science, 195(4279), 689-691.	Animalia	Animalia
	NCBI:txid48399	Crocodilus acutus							http://purl.obolibrary.org/obo/RO_0002439	preys on		NCBI:txid8517	Iguana iguana			http://purl.obolibrary.org/obo/UBERON_0034919	juvenile					ISO 3166-2:PA	Barro Colorado  Island, Panama						10.1126/science.195.4279.689	https://www.science.org/doi/abs/10.1126/science.195.4279.689	Burghardt, G. M., Greene, H. W., & Rand, A. S. (1977). Social behavior in hatchling green iguanas: life at a reptile rookery. Science, 195(4279), 689-691.	Animalia	Animalia
	NCBI:txid8517	Iguana iguana							http://purl.obolibrary.org/obo/RO_0002470	eats		NCBI:txid681455	Lonchocarpus heptaphyllus	http://purl.obolibrary.org/obo/PO_0025034	leaves							ISO 3166-2:PA	Panama					1979/1980	10.1007/BF00396761	https://link.springer.com/article/10.1007/BF00396761	Troyer, K. (1984). Diet selection and digestion in Iguana iguana: the importance of age and nutrient requirements. Oecologia, 61(2), 201-207.	Animalia	Plantae
	NCBI:txid9606	Homo sapiens							http://purl.obolibrary.org/obo/RO_0002439	preys on		NCBI:txid8517	Iguana iguana									ISO 3166-2:CR	Tortuguero, Costa Rica					1960/1961	10.2307/1948557	https://www.jstor.org/stable/pdf/1948557.pdf?refreqid=excelsior%3A382e9d1d9dd51e00a08953d62ab2308b&ab_segments=&origin=&acceptTC=1	Hirth, H. F. (1963). The ecology of two lizards on a tropical beach. Ecological Monographs, 33(2), 83-112.	Animalia	Animalia
	NCBI:txid9615	Canis familiaris							http://purl.obolibrary.org/obo/RO_0002439	preys on		NCBI:txid8517	Iguana iguana			http://purl.obolibrary.org/obo/UBERON_0000068	egg					ISO 3166-2:CR	Tortuguero, Costa Rica					1960/1961	10.2307/1948557	https://www.jstor.org/stable/pdf/1948557.pdf?refreqid=excelsior%3A382e9d1d9dd51e00a08953d62ab2308b&ab_segments=&origin=&acceptTC=1	Hirth, H. F. (1963). The ecology of two lizards on a tropical beach. Ecological Monographs, 33(2), 83-112.	Animalia	Animalia
	NCBI:txid9615	Canis familiaris							http://purl.obolibrary.org/obo/RO_0002439	preys on		NCBI:txid8517	Iguana iguana			http://purl.obolibrary.org/obo/UBERON_0007023	adult					ISO 3166-2:CR	Tortuguero, Costa Rica					1960/1961	10.2307/1948557	https://www.jstor.org/stable/pdf/1948557.pdf?refreqid=excelsior%3A382e9d1d9dd51e00a08953d62ab2308b&ab_segments=&origin=&acceptTC=1	Hirth, H. F. (1963). The ecology of two lizards on a tropical beach. Ecological Monographs, 33(2), 83-112.	Animalia	Animalia
	NCBI:txid43455	Cathartes aura							http://purl.obolibrary.org/obo/RO_0002439	preys on		NCBI:txid8517	Iguana iguana									ISO 3166-2:CR	Tortuguero, Costa Rica					1960/1961	10.2307/1948557	https://www.jstor.org/stable/pdf/1948557.pdf?refreqid=excelsior%3A382e9d1d9dd51e00a08953d62ab2308b&ab_segments=&origin=&acceptTC=1	Hirth, H. F. (1963). The ecology of two lizards on a tropical beach. Ecological Monographs, 33(2), 83-112.	Animalia	Animalia
	NCBI:txid33614	Coragyps atratus							http://purl.obolibrary.org/obo/RO_0002439	preys on		NCBI:txid8517	Iguana iguana									ISO 3166-2:CR	Tortuguero, Costa Rica					1960/1961	10.2307/1948557	https://www.jstor.org/stable/pdf/1948557.pdf?refreqid=excelsior%3A382e9d1d9dd51e00a08953d62ab2308b&ab_segments=&origin=&acceptTC=1	Hirth, H. F. (1963). The ecology of two lizards on a tropical beach. Ecological Monographs, 33(2), 83-112.	Animalia	Animalia
	NCBI:txid211979	Basiliscus vittatus							http://purl.obolibrary.org/obo/RO_0008506	co-occurs with		NCBI:txid8517	Iguana iguana									ISO 3166-2:CR	Tortuguero, Costa Rica					1960/1961	10.2307/1948557	https://www.jstor.org/stable/pdf/1948557.pdf?refreqid=excelsior%3A382e9d1d9dd51e00a08953d62ab2308b&ab_segments=&origin=&acceptTC=1	Hirth, H. F. (1963). The ecology of two lizards on a tropical beach. Ecological Monographs, 33(2), 83-112.	Animalia	Animalia
	NCBI:txid8517	Iguana iguana							http://purl.obolibrary.org/obo/RO_0002470	eats		NCBI:txid301703	Annona glabra	http://purl.obolibrary.org/obo/PO_0009001	fruit							ISO 3166-2:PR	Natural Reserve of Humacao, Puerto Rico					2013	10.1007/s10530-016-1190-6	https://link.springer.com/article/10.1007/s10530-016-1190-6	Burgos-Rodríguez, J. A., Avilés-Rodríguez, K. J., & Kolbe, J. J. (2016). Effects of invasive Green Iguanas (Iguana iguana) on seed germination and seed dispersal potential in southeastern Puerto Rico. Biological invasions, 18(10), 2775-2782.	Animalia	Plantae
	NCBI:txid8517	Iguana iguana							http://purl.obolibrary.org/obo/RO_0002470	eats		NCBI:txid3493	Ficus	http://purl.obolibrary.org/obo/PO_0009001	fruit							ISO 3166-2:PR	Natural Reserve of Humacao, Puerto Rico					2013	10.1007/s10530-016-1190-6	https://link.springer.com/article/10.1007/s10530-016-1190-6	Burgos-Rodríguez, J. A., Avilés-Rodríguez, K. J., & Kolbe, J. J. (2016). Effects of invasive Green Iguanas (Iguana iguana) on seed germination and seed dispersal potential in southeastern Puerto Rico. Biological invasions, 18(10), 2775-2782.	Animalia	Plantae
	NCBI:txid8517	Iguana iguana							http://purl.obolibrary.org/obo/RO_0002470	eats		NCBI:txid162876	Peltophorum pterocarpum	http://purl.obolibrary.org/obo/PO_0009001	fruit							ISO 3166-2:PR	Natural Reserve of Humacao, Puerto Rico					2013	10.1007/s10530-016-1190-6	https://link.springer.com/article/10.1007/s10530-016-1190-6	Burgos-Rodríguez, J. A., Avilés-Rodríguez, K. J., & Kolbe, J. J. (2016). Effects of invasive Green Iguanas (Iguana iguana) on seed germination and seed dispersal potential in southeastern Puerto Rico. Biological invasions, 18(10), 2775-2782.	Animalia	Plantae
	NCBI:txid8517	Iguana iguana							http://purl.obolibrary.org/obo/RO_0002470	eats		NCBI:txid100169	Pterocarpus	http://purl.obolibrary.org/obo/PO_0009001	fruit							ISO 3166-2:PR	Natural Reserve of Humacao, Puerto Rico					2013	10.1007/s10530-016-1190-6	https://link.springer.com/article/10.1007/s10530-016-1190-6	Burgos-Rodríguez, J. A., Avilés-Rodríguez, K. J., & Kolbe, J. J. (2016). Effects of invasive Green Iguanas (Iguana iguana) on seed germination and seed dispersal potential in southeastern Puerto Rico. Biological invasions, 18(10), 2775-2782.	Animalia	Plantae
	NCBI:txid51212	Ctenosaura similis							http://purl.obolibrary.org/obo/RO_0002439	preys on		NCBI:txid8517	Iguana iguana									ISO 3166-2:CR	Costa Rica						10.2984/67.2.2	https://bioone.org/journals/pacific-science/volume-67/issue-2/67.2.2/Biology-and-Impacts-of-Pacific-Island-Invasive-Species-10-Iguana/10.2984/67.2.2.short	Falcón, W., Ackerman, J. D., Recart, W., & Daehler, C. C. (2013). Biology and impacts of Pacific island invasive species. 10. Iguana iguana, the Green Iguana (Squamata: Iguanidae) 1. Pacific Science, 67(2), 157-186.	Animalia	Animalia
	NCBI:txid338818	Trimorphodon biscutatus							http://purl.obolibrary.org/obo/RO_0002439	preys on		NCBI:txid8517	Iguana iguana									ISO 3166-2:CR	Costa Rica						10.2984/67.2.2	https://bioone.org/journals/pacific-science/volume-67/issue-2/67.2.2/Biology-and-Impacts-of-Pacific-Island-Invasive-Species-10-Iguana/10.2984/67.2.2.short	Falcón, W., Ackerman, J. D., Recart, W., & Daehler, C. C. (2013). Biology and impacts of Pacific island invasive species. 10. Iguana iguana, the Green Iguana (Squamata: Iguanidae) 1. Pacific Science, 67(2), 157-186.	Animalia	Animalia
	NCBI:txid9615	Canis familiaris							http://purl.obolibrary.org/obo/RO_0002439	preys on		NCBI:txid8517	Iguana iguana									ISO 3166-2:CR	Costa Rica						10.2984/67.2.2	https://bioone.org/journals/pacific-science/volume-67/issue-2/67.2.2/Biology-and-Impacts-of-Pacific-Island-Invasive-Species-10-Iguana/10.2984/67.2.2.short	Falcón, W., Ackerman, J. D., Recart, W., & Daehler, C. C. (2013). Biology and impacts of Pacific island invasive species. 10. Iguana iguana, the Green Iguana (Squamata: Iguanidae) 1. Pacific Science, 67(2), 157-186.	Animalia	Animalia
	NCBI:txid9272	Philander opossum							http://purl.obolibrary.org/obo/RO_0002439	preys on		NCBI:txid8517	Iguana iguana									ISO 3166-2:CR	Costa Rica						10.2984/67.2.2	https://bioone.org/journals/pacific-science/volume-67/issue-2/67.2.2/Biology-and-Impacts-of-Pacific-Island-Invasive-Species-10-Iguana/10.2984/67.2.2.short	Falcón, W., Ackerman, J. D., Recart, W., & Daehler, C. C. (2013). Biology and impacts of Pacific island invasive species. 10. Iguana iguana, the Green Iguana (Squamata: Iguanidae) 1. Pacific Science, 67(2), 157-186.	Animalia	Animalia
	NCBI:txid8499	Caimanus cocodrillus							http://purl.obolibrary.org/obo/RO_0002439	preys on		NCBI:txid8517	Iguana iguana									ISO 3166-2:CR	Costa Rica						10.2984/67.2.2	https://bioone.org/journals/pacific-science/volume-67/issue-2/67.2.2/Biology-and-Impacts-of-Pacific-Island-Invasive-Species-10-Iguana/10.2984/67.2.2.short	Falcón, W., Ackerman, J. D., Recart, W., & Daehler, C. C. (2013). Biology and impacts of Pacific island invasive species. 10. Iguana iguana, the Green Iguana (Squamata: Iguanidae) 1. Pacific Science, 67(2), 157-186.	Animalia	Animalia
	NCBI:txid64277	Quiscalus							http://purl.obolibrary.org/obo/RO_0002439	preys on		NCBI:txid8517	Iguana iguana									ISO 3166-2:CR	Costa Rica						10.2984/67.2.2	https://bioone.org/journals/pacific-science/volume-67/issue-2/67.2.2/Biology-and-Impacts-of-Pacific-Island-Invasive-Species-10-Iguana/10.2984/67.2.2.short	Falcón, W., Ackerman, J. D., Recart, W., & Daehler, C. C. (2013). Biology and impacts of Pacific island invasive species. 10. Iguana iguana, the Green Iguana (Squamata: Iguanidae) 1. Pacific Science, 67(2), 157-186.	Animalia	Animalia
	NCBI:txid9606	Homo sapiens							http://purl.obolibrary.org/obo/RO_0002470	eats		NCBI:txid8517	Iguana iguana			http://purl.obolibrary.org/obo/UBERON_0000068	egg					ISO 3166-2:FJ	Fiji						10.2984/67.2.2	https://bioone.org/journals/pacific-science/volume-67/issue-2/67.2.2/Biology-and-Impacts-of-Pacific-Island-Invasive-Species-10-Iguana/10.2984/67.2.2.short	Falcón, W., Ackerman, J. D., Recart, W., & Daehler, C. C. (2013). Biology and impacts of Pacific island invasive species. 10. Iguana iguana, the Green Iguana (Squamata: Iguanidae) 1. Pacific Science, 67(2), 157-186.	Animalia	Animalia
	NCBI:txid9606	Homo sapiens							http://purl.obolibrary.org/obo/RO_0002470	eats		NCBI:txid8517	Iguana iguana			http://purl.obolibrary.org/obo/UBERON_0007023	adult					ISO 3166-2:FJ	Fiji						10.2984/67.2.2	https://bioone.org/journals/pacific-science/volume-67/issue-2/67.2.2/Biology-and-Impacts-of-Pacific-Island-Invasive-Species-10-Iguana/10.2984/67.2.2.short	Falcón, W., Ackerman, J. D., Recart, W., & Daehler, C. C. (2013). Biology and impacts of Pacific island invasive species. 10. Iguana iguana, the Green Iguana (Squamata: Iguanidae) 1. Pacific Science, 67(2), 157-186.	Animalia	Animalia
	NCBI:txid8517	Iguana iguana							http://purl.obolibrary.org/obo/RO_0002470	eats		NCBI:txid4459	Colocasia									ISO 3166-2:FJ	Fiji						10.2984/67.2.2	https://bioone.org/journals/pacific-science/volume-67/issue-2/67.2.2/Biology-and-Impacts-of-Pacific-Island-Invasive-Species-10-Iguana/10.2984/67.2.2.short	Falcón, W., Ackerman, J. D., Recart, W., & Daehler, C. C. (2013). Biology and impacts of Pacific island invasive species. 10. Iguana iguana, the Green Iguana (Squamata: Iguanidae) 1. Pacific Science, 67(2), 157-186.	Animalia	Plantae
	NCBI:txid8517	Iguana iguana							http://purl.obolibrary.org/obo/RO_0002470	eats		NCBI:txid7041	Coleoptera									ISO 3166-2:PR	Puerto Rico					2008/2010	10.1670/11-004	https://bioone.org/journals/journal-of-herpetology/volume-46/issue-2/11-004/An-Isotopic-Study-of-Diet-and-Muscles-of-the-Green/10.1670/11-004.short	Govender, Y., Muñoz, M. C., Camejo, L. R., Puente-Rolón, A. R., Cuevas, E., & Sternberg, L. (2012). An isotopic study of diet and muscles of the green iguana (Iguana iguana) in Puerto Rico. Journal of Herpetology, 46(2), 167-170.	Animalia	Animalia
	NCBI:txid8517	Iguana iguana							http://purl.obolibrary.org/obo/RO_0002470	eats		NCBI:txid6448	Gastropoda									ISO 3166-2:PR	Puerto Rico					2008/2010	10.1670/11-004	https://bioone.org/journals/journal-of-herpetology/volume-46/issue-2/11-004/An-Isotopic-Study-of-Diet-and-Muscles-of-the-Green/10.1670/11-004.short	Govender, Y., Muñoz, M. C., Camejo, L. R., Puente-Rolón, A. R., Cuevas, E., & Sternberg, L. (2012). An isotopic study of diet and muscles of the green iguana (Iguana iguana) in Puerto Rico. Journal of Herpetology, 46(2), 167-170.	Animalia	Animalia
	NCBI:txid8517	Iguana iguana							http://purl.obolibrary.org/obo/RO_0002470	eats		NCBI:txid330896	Pterocarpus officinallis									ISO 3166-2:PR	Ciénaga Las Cucharillas, Puerto Rico					2002		https://d1wqtxts1xzle7.cloudfront.net/30025197/figueiredo_et_al_herpetology_notes_volume4_pages445-451-with-cover-page-v2.pdf?Expires=1669101541&Signature=SVlwdjkU5oum8DGiMSPL~Qkgm7gr8v8hLUzn0qd9TmZtxrUrx5MNCS5VEuFRoiYba18oToIikQhumsEVjTxD~VS5fobR6ueahyIqcAI~md6cqIFwyWW3TKfzAdun0mm8BxaDyvJ1cAJx2PA9-SBHYB8-K11S1t34GTmMw7jqVGpH4JwJKvoxjjJpCn1rxv3t9El3g6z4kp6aV9~dnrixGeAWtpx~WXh6qNC8QzicNdwPuNn9bAzgRggFwhUqQIoQ861KfjKRePt3v0U5u9SmwAzxQE0dyfmahg9dmVhw3KayTy~Rg6zqrzfFKw-KSLmauJGBQpS500w8loX3QEqICg__&Key-Pair-Id=APKAJLOHF5GGSLRBV4ZA	Figueiredo-de-Andrade, C. A., Montoya-Ospina, R. A., Voltolini, J. C., & Ruiz-Miranda, C. R. (2011). Population biology and behaviour of the alien species Iguana iguana (Linnaeus, 1758) on a restored wetland in Puerto Rico. Herpetology Notes, 4, 445-451.	Animalia	Plantae
	NCBI:txid8517	Iguana iguana							http://purl.obolibrary.org/obo/RO_0002470	eats		NCBI:txid301703	Annona glabra									ISO 3166-2:PR	Ciénaga Las Cucharillas, Puerto Rico					2002		https://d1wqtxts1xzle7.cloudfront.net/30025197/figueiredo_et_al_herpetology_notes_volume4_pages445-451-with-cover-page-v2.pdf?Expires=1669101541&Signature=SVlwdjkU5oum8DGiMSPL~Qkgm7gr8v8hLUzn0qd9TmZtxrUrx5MNCS5VEuFRoiYba18oToIikQhumsEVjTxD~VS5fobR6ueahyIqcAI~md6cqIFwyWW3TKfzAdun0mm8BxaDyvJ1cAJx2PA9-SBHYB8-K11S1t34GTmMw7jqVGpH4JwJKvoxjjJpCn1rxv3t9El3g6z4kp6aV9~dnrixGeAWtpx~WXh6qNC8QzicNdwPuNn9bAzgRggFwhUqQIoQ861KfjKRePt3v0U5u9SmwAzxQE0dyfmahg9dmVhw3KayTy~Rg6zqrzfFKw-KSLmauJGBQpS500w8loX3QEqICg__&Key-Pair-Id=APKAJLOHF5GGSLRBV4ZA	Figueiredo-de-Andrade, C. A., Montoya-Ospina, R. A., Voltolini, J. C., & Ruiz-Miranda, C. R. (2011). Population biology and behaviour of the alien species Iguana iguana (Linnaeus, 1758) on a restored wetland in Puerto Rico. Herpetology Notes, 4, 445-451.	Animalia	Plantae
	NCBI:txid8517	Iguana iguana							http://purl.obolibrary.org/obo/RO_0002470	eats		NCBI:txid190524	Laguncularia racemosa	http://purl.obolibrary.org/obo/PO_0025034	leaves							ISO 3166-2:PR	Ciénaga Las Cucharillas, Puerto Rico					2002		https://d1wqtxts1xzle7.cloudfront.net/30025197/figueiredo_et_al_herpetology_notes_volume4_pages445-451-with-cover-page-v2.pdf?Expires=1669101541&Signature=SVlwdjkU5oum8DGiMSPL~Qkgm7gr8v8hLUzn0qd9TmZtxrUrx5MNCS5VEuFRoiYba18oToIikQhumsEVjTxD~VS5fobR6ueahyIqcAI~md6cqIFwyWW3TKfzAdun0mm8BxaDyvJ1cAJx2PA9-SBHYB8-K11S1t34GTmMw7jqVGpH4JwJKvoxjjJpCn1rxv3t9El3g6z4kp6aV9~dnrixGeAWtpx~WXh6qNC8QzicNdwPuNn9bAzgRggFwhUqQIoQ861KfjKRePt3v0U5u9SmwAzxQE0dyfmahg9dmVhw3KayTy~Rg6zqrzfFKw-KSLmauJGBQpS500w8loX3QEqICg__&Key-Pair-Id=APKAJLOHF5GGSLRBV4ZA	Figueiredo-de-Andrade, C. A., Montoya-Ospina, R. A., Voltolini, J. C., & Ruiz-Miranda, C. R. (2011). Population biology and behaviour of the alien species Iguana iguana (Linnaeus, 1758) on a restored wetland in Puerto Rico. Herpetology Notes, 4, 445-451.	Animalia	Plantae
	NCBI:txid8517	Iguana iguana							http://purl.obolibrary.org/obo/RO_0002470	eats		NCBI:txid41378	Avicennia germinas	http://purl.obolibrary.org/obo/PO_0025034	leaves							ISO 3166-2:PR	San Juan Bay estuary, Puerto Rico					2008		https://web.archive.org/web/20180721093450id_/http://www.estuario.org/images/area_cientifica/final%20report%20green%20iguana.pdf	Joglar, T. A. C., & Quijano, C. G. G. (2008). Assessing ecosystem and cultural impacts of the green iguana (Iguana iguana) invasion in the San Juan Bay Estuary (SJBE) in Puerto Rico.	Animalia	Plantae
	NCBI:txid10114	Rattus							http://purl.obolibrary.org/obo/RO_0002470	eats		NCBI:txid8517	Iguana iguana			http://purl.obolibrary.org/obo/UBERON_0000068	egg					ISO 3166-2:PR	San Juan Bay estuary, Puerto Rico					2008		https://web.archive.org/web/20180721093450id_/http://www.estuario.org/images/area_cientifica/final%20report%20green%20iguana.pdf	Joglar, T. A. C., & Quijano, C. G. G. (2008). Assessing ecosystem and cultural impacts of the green iguana (Iguana iguana) invasion in the San Juan Bay Estuary (SJBE) in Puerto Rico.	Animalia	Plantae
	NCBI:txid8517	Iguana iguana							http://purl.obolibrary.org/obo/RO_0002470	eats		NCBI:txid40031	Rhizophora mangle	http://purl.obolibrary.org/obo/PO_0025034	leaves							ISO 3166-2:PR	San Juan Bay estuary, Puerto Rico					2008		https://web.archive.org/web/20180721093450id_/http://www.estuario.org/images/area_cientifica/final%20report%20green%20iguana.pdf	Joglar, T. A. C., & Quijano, C. G. G. (2008). Assessing ecosystem and cultural impacts of the green iguana (Iguana iguana) invasion in the San Juan Bay Estuary (SJBE) in Puerto Rico.	Animalia	Plantae
	NCBI:txid8517	Iguana iguana							http://purl.obolibrary.org/obo/RO_0002470	eats		NCBI:txid190524	Laguncularia racemosa	http://purl.obolibrary.org/obo/PO_0025034	leaves							ISO 3166-2:PR	San Juan Bay estuary, Puerto Rico					2008		https://web.archive.org/web/20180721093450id_/http://www.estuario.org/images/area_cientifica/final%20report%20green%20iguana.pdf	Joglar, T. A. C., & Quijano, C. G. G. (2008). Assessing ecosystem and cultural impacts of the green iguana (Iguana iguana) invasion in the San Juan Bay Estuary (SJBE) in Puerto Rico.	Animalia	Plantae
	NCBI:txid8517	Iguana iguana							http://purl.obolibrary.org/obo/RO_0002470	eats		NCBI:txid222082	Cordia dentata	http://purl.obolibrary.org/obo/PO_0009001	fruit							ISO 3166-2:MX	Apatzingan, Mexico					1999	10.1670/0022-1511(2003)037[0301:GASDIT]2.0.CO;2	https://bioone.org/journals/journal-of-herpetology/volume-37/issue-2/0022-1511_2003_037_0301_GASDIT_2.0.CO_2/Germination-and-Seed-Damage-in-Tropical-Dry-Forest-Plants-Ingested/10.1670/0022-1511(2003)037[0301:GASDIT]2.0.CO;2.short	Germination and Seed Damage in Tropical Dry Forest	Animalia	Plantae
	NCBI:txid8517	Iguana iguana							http://purl.obolibrary.org/obo/RO_0002470	eats		NCBI:txid3673	Momordica charantia	http://purl.obolibrary.org/obo/PO_0009001	fruit							ISO 3166-2:MX	Apatzingan, Mexico					1999	10.1670/0022-1511(2003)037[0301:GASDIT]2.0.CO;2	https://bioone.org/journals/journal-of-herpetology/volume-37/issue-2/0022-1511_2003_037_0301_GASDIT_2.0.CO_2/Germination-and-Seed-Damage-in-Tropical-Dry-Forest-Plants-Ingested/10.1670/0022-1511(2003)037[0301:GASDIT]2.0.CO;2.short	Germination and Seed Damage in Tropical Dry Forest	Animalia	Plantae
	NCBI:txid8517	Iguana iguana							http://purl.obolibrary.org/obo/RO_0002470	eats		NCBI:txid404691	Pithecellobium dulce	http://purl.obolibrary.org/obo/PO_0009001	fruit							ISO 3166-2:MX	Apatzingan, Mexico					1999	10.1670/0022-1511(2003)037[0301:GASDIT]2.0.CO;2	https://bioone.org/journals/journal-of-herpetology/volume-37/issue-2/0022-1511_2003_037_0301_GASDIT_2.0.CO_2/Germination-and-Seed-Damage-in-Tropical-Dry-Forest-Plants-Ingested/10.1670/0022-1511(2003)037[0301:GASDIT]2.0.CO;2.short	Germination and Seed Damage in Tropical Dry Forest	Animalia	Plantae
	NCBI:txid8517	Iguana iguana							http://purl.obolibrary.org/obo/RO_0002470	eats		NCBI:txid4081	Solanum lycopersicum	http://purl.obolibrary.org/obo/PO_0009001	fruit							ISO 3166-2:MX	Apatzingan, Mexico					1999	10.1670/0022-1511(2003)037[0301:GASDIT]2.0.CO;2	https://bioone.org/journals/journal-of-herpetology/volume-37/issue-2/0022-1511_2003_037_0301_GASDIT_2.0.CO_2/Germination-and-Seed-Damage-in-Tropical-Dry-Forest-Plants-Ingested/10.1670/0022-1511(2003)037[0301:GASDIT]2.0.CO;2.short	Germination and Seed Damage in Tropical Dry Forest	Animalia	Plantae
	NCBI:txid8517	Iguana iguana							http://purl.obolibrary.org/obo/RO_0002470	eats		NCBI:txid404691	Pithecellobium dulce	http://purl.obolibrary.org/obo/PO_0025034	leaves							ISO 3166-2:PR	Guiama, Puerto Rico					2011	10.9784/LEB8(3)PerezRivera01	https://www.researchgate.net/profile/Raul-Perez-Rivera/publication/348394043_Green_Iguana_Iguana_iguana_Linnaeus_1758_Disrupts_the_Nesting_of_Birds_In_Puerto_Rico/links/5ffcb2a945851553a039f209/Green-Iguana-Iguana-iguana-Linnaeus-1758-Disrupts-the-Nesting-of-Birds-In-Puerto-Rico.pdf	Pérez-Rivera, R. A. Green Iguana, Iguana iguana (Linnaeus, 1758) Disrupts the Nesting of Birds in Puerto Rico1.	Animalia	Plantae
	NCBI:txid8517	Iguana iguana							http://purl.obolibrary.org/obo/RO_0002437	interacts with		NCBI:txid200370	Tyrannus dominicensis									ISO 3166-2:PR	Guiama, Puerto Rico					2011	10.9784/LEB8(3)PerezRivera01	https://www.researchgate.net/profile/Raul-Perez-Rivera/publication/348394043_Green_Iguana_Iguana_iguana_Linnaeus_1758_Disrupts_the_Nesting_of_Birds_In_Puerto_Rico/links/5ffcb2a945851553a039f209/Green-Iguana-Iguana-iguana-Linnaeus-1758-Disrupts-the-Nesting-of-Birds-In-Puerto-Rico.pdf	Pérez-Rivera, R. A. Green Iguana, Iguana iguana (Linnaeus, 1758) Disrupts the Nesting of Birds in Puerto Rico1.	Animalia	Animalia
	NCBI:txid8517	Iguana iguana							http://purl.obolibrary.org/obo/RO_0002437	interacts with		NCBI:txid87177	Coereba flaveola									ISO 3166-2:PR	Guiama, Puerto Rico					2011	10.9784/LEB8(3)PerezRivera01	https://www.researchgate.net/profile/Raul-Perez-Rivera/publication/348394043_Green_Iguana_Iguana_iguana_Linnaeus_1758_Disrupts_the_Nesting_of_Birds_In_Puerto_Rico/links/5ffcb2a945851553a039f209/Green-Iguana-Iguana-iguana-Linnaeus-1758-Disrupts-the-Nesting-of-Birds-In-Puerto-Rico.pdf	Pérez-Rivera, R. A. Green Iguana, Iguana iguana (Linnaeus, 1758) Disrupts the Nesting of Birds in Puerto Rico1.	Animalia	Animalia
	NCBI:txid8517	Iguana iguana							http://purl.obolibrary.org/obo/RO_0002470	eats		NCBI:txid39382	Tabebuia heterophylla	http://purl.obolibrary.org/obo/PO_0009046	flowers							ISO 3166-2:PR	Guiama, Puerto Rico					2020	10.9784/LEB8(3)PerezRivera01	https://www.researchgate.net/profile/Raul-Perez-Rivera/publication/348394043_Green_Iguana_Iguana_iguana_Linnaeus_1758_Disrupts_the_Nesting_of_Birds_In_Puerto_Rico/links/5ffcb2a945851553a039f209/Green-Iguana-Iguana-iguana-Linnaeus-1758-Disrupts-the-Nesting-of-Birds-In-Puerto-Rico.pdf	Pérez-Rivera, R. A. Green Iguana, Iguana iguana (Linnaeus, 1758) Disrupts the Nesting of Birds in Puerto Rico1.	Animalia	Plantae
	NCBI:txid8517	Iguana iguana							http://purl.obolibrary.org/obo/RO_0002437	interacts with		NCBI:txid87177	Coereba flaveola									ISO 3166-2:PR	Guiama, Puerto Rico					2020	10.9784/LEB8(3)PerezRivera01	https://www.researchgate.net/profile/Raul-Perez-Rivera/publication/348394043_Green_Iguana_Iguana_iguana_Linnaeus_1758_Disrupts_the_Nesting_of_Birds_In_Puerto_Rico/links/5ffcb2a945851553a039f209/Green-Iguana-Iguana-iguana-Linnaeus-1758-Disrupts-the-Nesting-of-Birds-In-Puerto-Rico.pdf	Pérez-Rivera, R. A. Green Iguana, Iguana iguana (Linnaeus, 1758) Disrupts the Nesting of Birds in Puerto Rico1.	Animalia	Animalia
	NCBI:txid8517	Iguana iguana							http://purl.obolibrary.org/obo/RO_0002437	interacts with		NCBI:txid93382	Zenaida asiatica									ISO 3166-2:PR	Guiama, Puerto Rico					2020	10.9784/LEB8(3)PerezRivera01	https://www.researchgate.net/profile/Raul-Perez-Rivera/publication/348394043_Green_Iguana_Iguana_iguana_Linnaeus_1758_Disrupts_the_Nesting_of_Birds_In_Puerto_Rico/links/5ffcb2a945851553a039f209/Green-Iguana-Iguana-iguana-Linnaeus-1758-Disrupts-the-Nesting-of-Birds-In-Puerto-Rico.pdf	Pérez-Rivera, R. A. Green Iguana, Iguana iguana (Linnaeus, 1758) Disrupts the Nesting of Birds in Puerto Rico1.	Animalia	Animalia
	NCBI:txid9606	Homo sapiens							http://purl.obolibrary.org/obo/RO_0002437	interacts with		NCBI:txid8517	Iguana iguana									ISO 3166-2:PR	San Juan Bay Estuary, Puerto Rico						10.17730/humo.70.2.p24755p02826h047	https://meridian.allenpress.com/human-organization/article-abstract/70/2/164/72905/Human-Ecology-of-a-Species-Introduction	García-Quijano, C., Carlo, T., & Arce-Nazario, J. (2011). Human ecology of a species introduction: Interactions between humans and introduced green iguanas in a Puerto Rican urban estuary. Human Organization, 70(2), 164-178.	Animalia	Animalia
	NCBI:txid30390	Ardea cinerea							http://purl.obolibrary.org/obo/RO_0002470	eats		NCBI:txid8517	Iguana iguana									ISO 3166-2:PR	Puerto Rico							https://www.cienciapr.org/es/external-news/especie-invasora-atenta-contra-el-coqui	Cedeño, Y. N., Cordero G. (2009). Especie Invasora Atenta Contra el Coquí. El Nuevo Día. Ciencia Puerto Rico	Animalia	Animalia
	NCBI:txid9615	Canis familiaris							http://purl.obolibrary.org/obo/RO_0002470	eats		NCBI:txid8517	Iguana iguana									ISO 3166-2:PR	Puerto Rico							https://www.cienciapr.org/es/external-news/especie-invasora-atenta-contra-el-coqui	Cedeño, Y. N., Cordero G. (2009). Especie Invasora Atenta Contra el Coquí. El Nuevo Día. Ciencia Puerto Rico	Animalia	Animalia
	NCBI:txid8517	Iguana iguana							http://purl.obolibrary.org/obo/RO_0002470	eats		NCBI:txid8380	Eleutherodactylus									ISO 3166-2:PR	Puerto Rico							https://www.cienciapr.org/es/external-news/especie-invasora-atenta-contra-el-coqui	Cedeño, Y. N., Cordero G. (2009). Especie Invasora Atenta Contra el Coquí. El Nuevo Día. Ciencia Puerto Rico	Animalia	Animalia
	NCBI:txid8517	Iguana iguana							http://purl.obolibrary.org/obo/RO_0008506	co-occurs with		NCBI:txid118688	Cyclura lewisi									ISO 3166-2:KY	Grand Cayman, Cayman Islands						10.1163/ej.9789004183957.i-228.38	https://brill.com/display/book/edcoll/9789004194076/Bej.9789004183957.i-228_006.xml	Powell, R., Henderson, R. W., Farmer, M. C., Breuil, M., Echternacht, A. C., Van Buurt, G., ... & Perry, G. (2011). Introduced amphibians and reptiles in the Greater Caribbean: Patterns and conservation implications. In Conservation of Caribbean Island Herpetofaunas Volume 1: Conservation Biology and the Wider Caribbean (pp. 63-143). Brill.	Animalia	Animalia
	NCBI:txid34846	Dasyprocta punctata							http://purl.obolibrary.org/obo/RO_0002470	eats		NCBI:txid20676	Hymenaea courbaril	http://purl.obolibrary.org/obo/PO_0009001	fruit							ISO 3166-2:CR	Santa Rosa National Park, Costa Rica					1983/1984	10.1007/978-94-009-4812-9_25	https://link.springer.com/chapter/10.1007/978-94-009-4812-9_25	Hallwachs, W. (1986). Agoutis (Dasyprocta punctata): the inheritors of guapinol (Hymenaea courbaril: Leguminosae). In Frugivores and seed dispersal (pp. 285-304). Springer, Dordrecht.	Animalia	Plantae
	NCBI:txid34846	Dasyprocta punctata							http://purl.obolibrary.org/obo/RO_0002470	eats		NCBI:txid184140	Sechium edule									ISO 3166-2:CR	Rincón de Mora, Costa Rica						10.21829/azm.2021.3712346	https://www.scielo.org.mx/pdf/azm/v37/2448-8445-azm-37-e3712346.pdf	Sánchez-Brenes, R. J., & Monge, J. (2021). Períodos de actividad y dieta de Dasyprocta punctata (Gray, 1842)(Rodentia; Dasyproctidae) en agroecosistemas con café, San Ramón, Costa Rica. Acta zoológica mexicana, 37.	Animalia	Plantae
	NCBI:txid34846	Dasyprocta punctata							http://purl.obolibrary.org/obo/RO_0002470	eats		NCBI:txid3435	Persea americana									ISO 3166-2:CR	Rincón de Mora, Costa Rica						10.21829/azm.2021.3712346	https://www.scielo.org.mx/pdf/azm/v37/2448-8445-azm-37-e3712346.pdf	Sánchez-Brenes, R. J., & Monge, J. (2021). Períodos de actividad y dieta de Dasyprocta punctata (Gray, 1842)(Rodentia; Dasyproctidae) en agroecosistemas con café, San Ramón, Costa Rica. Acta zoológica mexicana, 37.	Animalia	Plantae
	NCBI:txid34846	Dasyprocta punctata							http://purl.obolibrary.org/obo/RO_0002470	eats		NCBI:txid1453397	Eugenia stipitata									ISO 3166-2:CR	Rincón de Mora, Costa Rica						10.21829/azm.2021.3712346	https://www.scielo.org.mx/pdf/azm/v37/2448-8445-azm-37-e3712346.pdf	Sánchez-Brenes, R. J., & Monge, J. (2021). Períodos de actividad y dieta de Dasyprocta punctata (Gray, 1842)(Rodentia; Dasyproctidae) en agroecosistemas con café, San Ramón, Costa Rica. Acta zoológica mexicana, 37.	Animalia	Plantae
	NCBI:txid34846	Dasyprocta punctata							http://purl.obolibrary.org/obo/RO_0002470	eats		NCBI:txid681482	Psidium friedrichsthalianum									ISO 3166-2:CR	Rincón de Mora, Costa Rica						10.21829/azm.2021.3712346	https://www.scielo.org.mx/pdf/azm/v37/2448-8445-azm-37-e3712346.pdf	Sánchez-Brenes, R. J., & Monge, J. (2021). Períodos de actividad y dieta de Dasyprocta punctata (Gray, 1842)(Rodentia; Dasyproctidae) en agroecosistemas con café, San Ramón, Costa Rica. Acta zoológica mexicana, 37.	Animalia	Plantae
	NCBI:txid34846	Dasyprocta punctata							http://purl.obolibrary.org/obo/RO_0002470	eats		NCBI:txid120290	Psidium guajava									ISO 3166-2:CR	Rincón de Mora, Costa Rica						10.21829/azm.2021.3712346	https://www.scielo.org.mx/pdf/azm/v37/2448-8445-azm-37-e3712346.pdf	Sánchez-Brenes, R. J., & Monge, J. (2021). Períodos de actividad y dieta de Dasyprocta punctata (Gray, 1842)(Rodentia; Dasyproctidae) en agroecosistemas con café, San Ramón, Costa Rica. Acta zoológica mexicana, 37.	Animalia	Plantae
	NCBI:txid34846	Dasyprocta punctata							http://purl.obolibrary.org/obo/RO_0002470	eats		NCBI:txid159033	Citrus aurantifolia									ISO 3166-2:CR	Rincón de Mora, Costa Rica						10.21829/azm.2021.3712346	https://www.scielo.org.mx/pdf/azm/v37/2448-8445-azm-37-e3712346.pdf	Sánchez-Brenes, R. J., & Monge, J. (2021). Períodos de actividad y dieta de Dasyprocta punctata (Gray, 1842)(Rodentia; Dasyproctidae) en agroecosistemas con café, San Ramón, Costa Rica. Acta zoológica mexicana, 37.	Animalia	Plantae
	NCBI:txid34846	Dasyprocta punctata							http://purl.obolibrary.org/obo/RO_0002470	eats		NCBI:txid2711	Citrus sinensis									ISO 3166-2:CR	Rincón de Mora, Costa Rica						10.21829/azm.2021.3712346	https://www.scielo.org.mx/pdf/azm/v37/2448-8445-azm-37-e3712346.pdf	Sánchez-Brenes, R. J., & Monge, J. (2021). Períodos de actividad y dieta de Dasyprocta punctata (Gray, 1842)(Rodentia; Dasyproctidae) en agroecosistemas con café, San Ramón, Costa Rica. Acta zoológica mexicana, 37.	Animalia	Plantae
	NCBI:txid34846	Dasyprocta punctata							http://purl.obolibrary.org/obo/RO_0002470	eats		NCBI:txid486056	Inga densiflora									ISO 3166-2:CR	Rincón de Mora, Costa Rica						10.21829/azm.2021.3712346	https://www.scielo.org.mx/pdf/azm/v37/2448-8445-azm-37-e3712346.pdf	Sánchez-Brenes, R. J., & Monge, J. (2021). Períodos de actividad y dieta de Dasyprocta punctata (Gray, 1842)(Rodentia; Dasyproctidae) en agroecosistemas con café, San Ramón, Costa Rica. Acta zoológica mexicana, 37.	Animalia	Plantae
	NCBI:txid34846	Dasyprocta punctata							http://purl.obolibrary.org/obo/RO_0002470	eats		NCBI:txid89151	Musa x paradisiaca									ISO 3166-2:CR	Rincón de Mora, Costa Rica						10.21829/azm.2021.3712346	https://www.scielo.org.mx/pdf/azm/v37/2448-8445-azm-37-e3712346.pdf	Sánchez-Brenes, R. J., & Monge, J. (2021). Períodos de actividad y dieta de Dasyprocta punctata (Gray, 1842)(Rodentia; Dasyproctidae) en agroecosistemas con café, San Ramón, Costa Rica. Acta zoológica mexicana, 37.	Animalia	Plantae
	NCBI:txid34846	Dasyprocta punctata							http://purl.obolibrary.org/obo/RO_0002470	eats		NCBI:txid2986840	Dioclea reflexa	http://purl.obolibrary.org/obo/PO_0009010	seed							ISO 3166-2:CR	Monteverde, Costa Rica					2007		https://digitalcommons.usf.edu/cgi/viewcontent.cgi?article=1550&context=tropical_ecology	Peterson, M. (2007). Seed toughness in Persea americana (Lauraceae) and Dioclea reflexa (Papilionaceae) and feeding behavior in agoutis (Dasyprocta punctata).	Animalia	Plantae
	NCBI:txid34846	Dasyprocta punctata							http://purl.obolibrary.org/obo/RO_0002470	eats		NCBI:txid3435	Persea americana	http://purl.obolibrary.org/obo/PO_0009010	seed							ISO 3166-2:CR	Monteverde, Costa Rica					2007		https://digitalcommons.usf.edu/cgi/viewcontent.cgi?article=1550&context=tropical_ecology	Peterson, M. (2007). Seed toughness in Persea americana (Lauraceae) and Dioclea reflexa (Papilionaceae) and feeding behavior in agoutis (Dasyprocta punctata).	Animalia	Plantae
	NCBI:txid34846	Dasyprocta punctata							http://purl.obolibrary.org/obo/RO_0002470	eats		NCBI:txid105942	Dipteryx panamensis	http://purl.obolibrary.org/obo/PO_0009010	seed							ISO 3166-2:PA	Barro Colorado Island, Panama					1973/1978		https://revistas.ucr.ac.cr/index.php/rbt/article/view/25616	Bonaccorso, F. J., Glanz, W. E., & Sandford, C. M. (1980). Feeding assemblages of mammals at fruiting Dipteryx panamensis (Papilionaceae) trees in Panama: seed predation, dispersal, and parasitism. Revista de Biologia Tropical, 28(1), 61-72.	Animalia	Plantae
	NCBI:txid34846	Dasyprocta punctata							http://purl.obolibrary.org/obo/RO_0002470	eats		NCBI:txid446115	Astrocaryum standleyanum	http://purl.obolibrary.org/obo/PO_0009010	seed							ISO 3166-2:PA	Barro Colorado Island, Panama					1973/1978		https://revistas.ucr.ac.cr/index.php/rbt/article/view/25616	Bonaccorso, F. J., Glanz, W. E., & Sandford, C. M. (1980). Feeding assemblages of mammals at fruiting Dipteryx panamensis (Papilionaceae) trees in Panama: seed predation, dispersal, and parasitism. Revista de Biologia Tropical, 28(1), 61-72.	Animalia	Plantae
	NCBI:txid34846	Dasyprocta punctata							http://purl.obolibrary.org/obo/RO_0002470	eats		NCBI:txid219892	Syzygium malaccense	http://purl.obolibrary.org/obo/PO_0009010	seed							ISO 3166-2:CR	Cerro Plano, Costa Rica					2006		https://digitalcommons.usf.edu/cgi/viewcontent.cgi?article=1671&context=tropical_ecology	Coogan, K. (2006). Seed preference in the central american agouti, Dasyprocta punctata.	Animalia	Plantae
	NCBI:txid34846	Dasyprocta punctata							http://purl.obolibrary.org/obo/RO_0002470	eats		NCBI:txid154467	Bactris gasipaes	http://purl.obolibrary.org/obo/PO_0009010	seed							ISO 3166-2:CR	Cerro Plano, Costa Rica					2006		https://digitalcommons.usf.edu/cgi/viewcontent.cgi?article=1671&context=tropical_ecology	Coogan, K. (2006). Seed preference in the central american agouti, Dasyprocta punctata.	Animalia	Plantae
	NCBI:txid34846	Dasyprocta punctata							http://purl.obolibrary.org/obo/RO_0002470	eats		NCBI:txid219892	Syzygium malaccense	http://purl.obolibrary.org/obo/PO_0009010	seed							ISO 3166-2:CR	Monteverde, Costa Rica					2006		https://digitalcommons.usf.edu/tropical_ecology/464/	Eberhart, L. (2006). Foraging behavior and diet preference of Dasyprocta punctata.	Animalia	Plantae
	NCBI:txid34846	Dasyprocta punctata							http://purl.obolibrary.org/obo/RO_0002470	eats		NCBI:txid219892	Syzygium malaccense	http://purl.obolibrary.org/obo/PO_0009001	fruit							ISO 3166-2:CR	Monteverde, Costa Rica					2006		https://digitalcommons.usf.edu/tropical_ecology/464/	Eberhart, L. (2006). Foraging behavior and diet preference of Dasyprocta punctata.	Animalia	Plantae
	NCBI:txid34846	Dasyprocta punctata							http://purl.obolibrary.org/obo/RO_0002470	eats		NCBI:txid3435	Persea americana	http://purl.obolibrary.org/obo/PO_0009010	seed							ISO 3166-2:CR	Monteverde, Costa Rica					2005		https://digitalcommons.usf.edu/cgi/viewcontent.cgi?article=1560&context=tropical_ecology	Burkard Jr, G. P. (2005). Seed predation on Persea americana by Dasyprocta punctata in Monteverde, Costa Rica.	Animalia	Plantae
	NCBI:txid34846	Dasyprocta punctata							http://purl.obolibrary.org/obo/RO_0002470	eats		NCBI:txid1179168	Mucuna urens	http://purl.obolibrary.org/obo/PO_0009010	seed							ISO 3166-2:CR	Monteverde, Costa Rica							https://digitalcommons.usf.edu/cgi/viewcontent.cgi?article=1390&context=tropical_ecology	Senf, M. (2004). Mucuna urens dispersal by agoutis (Dasyprocta punctata) in the Monteverde area of Costa Rica.	Animalia	Plantae
	NCBI:txid34846	Dasyprocta punctata							http://purl.obolibrary.org/obo/RO_0002470	eats		NCBI:txid446115	Astrocaryum standleyanum	http://purl.obolibrary.org/obo/PO_0009001	fruit							ISO 3166-2:PA	Barro Colorado Island, Panama						10.1016/j.anbehav.2013.04.005	https://www.sciencedirect.com/science/article/pii/S0003347213001723?casa_token=PQlHP8d_tvcAAAAA:qLeoXuWUZQdRNZ-LAA5gq_VOUM0bdYcgch4aEOzPuM1C9YR5tIzdhFYSvCnlFM2vy4gbvNtMR4w	Hirsch, B. T., Kays, R., & Jansen, P. A. (2013). Evidence for cache surveillance by a scatter-hoarding rodent. Animal Behaviour, 85(6), 1511-1516.	Animalia	Plantae
	NCBI:txid34846	Dasyprocta punctata							http://purl.obolibrary.org/obo/RO_0002470	eats		NCBI:txid446115	Astrocaryum standleyanum	http://purl.obolibrary.org/obo/PO_0009010	seed							ISO 3166-2:PA	Barro Colorado Island, Panama						10.1016/j.anbehav.2013.04.005	https://www.sciencedirect.com/science/article/pii/S0003347213001723?casa_token=PQlHP8d_tvcAAAAA:qLeoXuWUZQdRNZ-LAA5gq_VOUM0bdYcgch4aEOzPuM1C9YR5tIzdhFYSvCnlFM2vy4gbvNtMR4w	Hirsch, B. T., Kays, R., & Jansen, P. A. (2013). Evidence for cache surveillance by a scatter-hoarding rodent. Animal Behaviour, 85(6), 1511-1516.	Animalia	Plantae
	NCBI:txid36668	Formicidae							http://purl.obolibrary.org/obo/RO_0002437	interacts with		NCBI:txid8517	Iguana iguana			http://purl.obolibrary.org/obo/UBERON_0000068	egg					ISO 3166-2:PA	Barro Colorado Island, Panama							https://www.jstor.org/stable/3891389	Rand, A. S., & Robinson, M. H. (1969). Predation on iguana nests. Herpetologica, 25(3), 172-174.	Animalia	Animalia